features_id,bedrooms,squareFootage,features,bathrooms,lotSize
0,3.0,1512.0,"{'exteriorType': 'Other', 'floorCount': 2, 'heating': True, 'heatingType': 'Central', 'roofType': 'Slate', 'roomCount': 6, 'unitCount': 1}",1.0,2500.0
1,0.0,1484.0,"{'floorCount': 1, 'garage': True, 'garageType': 'Attached', 'unitCount': 1}",0.0,6914.0
2,2.0,924.0,"{'architectureType': 'Modular', 'cooling': True, 'coolingType': 'Central', 'exteriorType': 'Aluminum / Vinyl Siding', 'floorCount': 1, 'heating': True, 'heatingType': 'Central', 'roomCount': 4}",1.0,0.0
3,2.0,1036.0,"{'architectureType': 'Conventional', 'floorCount': 1, 'garage': True, 'garageSpaces': 1, 'garageType': 'Garage', 'heating': True, 'heatingType': 'Floor / Wall', 'roomCount': 6, 'unitCount': 1}",1.0,6246.0
4,3.0,1374.0,"{'cooling': True, 'coolingType': 'Central', 'exteriorType': 'Aluminum Siding', 'fireplace': True, 'fireplaceType': 'Prefab', 'floorCount': 1, 'foundationType': 'Footing', 'garage': True, 'garageSpaces': 1, 'garageType': 'Detached', 'heating': True, 'heatingType': 'Forced Air', 'roofType': 'Wood Shingle', 'unitCount': 1, 'architectureType': 'Ranch'}",2.0,6098.0
5,0.0,0.0,{},0.0,0.0
6,3.0,1348.0,"{'cooling': True, 'coolingType': 'Central', 'exteriorType': 'Aluminum / Vinyl Siding', 'floorCount': 1, 'foundationType': 'Wood', 'garage': True, 'garageType': 'Garage', 'heating': True, 'heatingType': 'Central', 'roofType': 'Composition Shingle'}",0.0,20250.0
7,0.0,1270.0,"{'architectureType': 'Condo / Apartment', 'floorCount': 24, 'unitCount': 1}",0.0,0.0
8,3.0,1472.0,"{'cooling': True, 'coolingType': 'Central', 'exteriorType': 'Brick Veneer', 'fireplace': True, 'floorCount': 1, 'foundationType': 'Slab / Mat / Raft', 'garage': True, 'garageSpaces': 2, 'garageType': 'Attached', 'heating': True, 'heatingType': 'Central', 'roofType': 'Composition Shingle', 'unitCount': 1}",2.0,9695.0
9,4.0,2205.0,nan,2.0,0.0
10,0.0,300.0,"{'architectureType': 'Mobile Home', 'floorCount': 1, 'roofType': 'Aluminum', 'unitCount': 1}",0.0,43560.0
11,3.0,1598.0,"{'cooling': True, 'exteriorType': 'Brick', 'fireplace': True, 'floorCount': 1, 'foundationType': 'Slab / Mat / Raft', 'garage': True, 'garageSpaces': 1, 'garageType': 'Carport', 'heating': True, 'heatingType': 'Forced Air', 'pool': True, 'roofType': 'Shingle', 'roomCount': 5, 'unitCount': 1, 'coolingType': 'Commercial'}",2.5,17450.0
12,2.0,1888.0,"{'cooling': True, 'coolingType': 'Commercial', 'exteriorType': 'Brick', 'fireplace': True, 'floorCount': 1, 'foundationType': 'Block', 'garage': True, 'garageType': 'Attached', 'heating': True, 'heatingType': 'Heat Pump', 'roofType': 'Composition Shingle', 'roomCount': 7}",2.5,14985.0
13,4.0,1716.0,nan,2.0,0.0
14,4.0,1912.0,"{'architectureType': 'Traditional', 'cooling': True, 'coolingType': 'Central', 'exteriorType': 'Brick', 'fireplace': True, 'floorCount': 2, 'foundationType': 'Slab / Mat / Raft', 'garage': True, 'garageSpaces': 2, 'garageType': 'Attached', 'heating': True, 'heatingType': 'Central', 'roomCount': 8, 'unitCount': 1}",2.5,5506.0
15,4.0,3870.0,"{'cooling': True, 'coolingType': 'Commercial', 'fireplace': True, 'floorCount': 2, 'foundationType': 'Slab / Mat / Raft', 'garage': True, 'garageSpaces': 3, 'garageType': 'Attached', 'heating': True, 'heatingType': 'Central', 'roofType': 'Composition Shingle', 'unitCount': 1}",3.0,17424.0
16,3.0,1244.0,"{'architectureType': 'Split Level', 'exteriorType': 'Wood', 'floorCount': 1, 'garage': True, 'garageSpaces': 1, 'garageType': 'Attached Garage', 'heating': True, 'unitCount': 1}",2.0,11051.0
17,0.0,1152.0,{'unitCount': 1},0.0,10306.0
18,4.0,1334.0,"{'architectureType': 'Conventional', 'cooling': True, 'coolingType': 'Central', 'exteriorType': 'Wood', 'floorCount': 1, 'heating': True, 'heatingType': 'Forced Air', 'roomCount': 8, 'unitCount': 1}",2.5,9000.0
19,3.0,1803.0,"{'architectureType': 'Conventional', 'cooling': True, 'coolingType': 'Central', 'exteriorType': 'Aluminum / Vinyl Siding', 'fireplace': True, 'floorCount': 1, 'foundationType': 'Masonry', 'garage': True, 'garageType': 'Attached', 'heating': True, 'heatingType': 'Central', 'roofType': 'Asphalt'}",2.0,44431.0
20,5.0,2997.0,"{'cooling': True, 'coolingType': 'Commercial', 'exteriorType': 'Siding', 'fireplace': True, 'fireplaceType': 'Gas Log', 'floorCount': 2, 'garage': True, 'garageSpaces': 2, 'garageType': 'Mixed', 'heating': True, 'heatingType': 'Forced Air', 'roofType': 'Composition Shingle', 'unitCount': 1}",3.5,5899.0
21,3.0,1720.0,"{'floorCount': 1, 'garage': True, 'garageSpaces': 2, 'garageType': 'Attached', 'roomCount': 6, 'unitCount': 1}",1.0,4800.0
22,3.0,1292.0,"{'cooling': True, 'coolingType': 'Central', 'exteriorType': 'Aluminum / Vinyl Siding', 'fireplace': True, 'fireplaceType': 'Prefab', 'floorCount': 1, 'foundationType': 'Footing', 'garage': True, 'garageSpaces': 2, 'garageType': 'Attached', 'heating': True, 'heatingType': 'Forced Air', 'roofType': 'Wood Shingle', 'unitCount': 1}",2.0,20038.0
23,0.0,2468.0,"{'cooling': True, 'coolingType': 'Refrigeration', 'exteriorType': 'Wood', 'floorCount': 1, 'garage': True, 'garageSpaces': 3, 'garageType': 'Garage', 'heating': True, 'heatingType': 'Forced Air', 'pool': True, 'roofType': 'Other', 'roomCount': 8, 'unitCount': 1}",3.0,10800.0
24,0.0,1409.0,"{'cooling': True, 'coolingType': 'Central', 'exteriorType': 'Siding', 'fireplace': True, 'floorCount': 2, 'foundationType': 'Slab / Mat / Raft', 'garage': True, 'garageType': 'Carport', 'heating': True, 'heatingType': 'Central', 'roofType': 'Composition Shingle', 'unitCount': 1}",2.0,2396.0
25,3.0,1439.0,"{'architectureType': 'Conventional', 'cooling': True, 'coolingType': 'Central', 'exteriorType': 'Aluminum / Vinyl Siding', 'fireplace': True, 'floorCount': 1, 'foundationType': 'Crawl / Raised', 'garage': True, 'garageSpaces': 2, 'garageType': 'Detached Garage', 'heating': True, 'heatingType': 'Forced Air', 'roofType': 'Composition Shingle', 'roomCount': 6}",2.0,9000.0
26,2.0,816.0,"{'architectureType': 'Row End or Row Middle', 'exteriorType': 'Brick', 'floorCount': 2, 'heating': True, 'heatingType': 'Central', 'roomCount': 5, 'unitCount': 1}",1.0,1360.0
27,0.0,1500.0,"{'cooling': True, 'coolingType': 'Central', 'exteriorType': 'Wood Shingle', 'fireplace': True, 'floorCount': 1, 'foundationType': 'Pier / Post & Beam', 'garage': True, 'garageType': 'Carport', 'heating': True, 'heatingType': 'Central', 'roofType': 'Composition Shingle', 'unitCount': 1}",1.0,11252.0
28,3.0,994.0,"{'architectureType': 'Modern', 'cooling': True, 'coolingType': 'Central', 'fireplace': True, 'floorCount': 1, 'garage': True, 'garageSpaces': 2, 'garageType': 'Attached Garage', 'heating': True, 'heatingType': 'Central', 'roofType': 'Tile', 'roomCount': 5, 'unitCount': 1, 'viewType': 'Average'}",2.0,8400.0
29,3.0,1526.0,"{'architectureType': 'Cape Cod', 'exteriorType': 'OTHER', 'floorCount': 2, 'garage': True, 'garageType': 'Garage', 'heating': True, 'heatingType': 'Forced Air', 'roofType': 'Asphalt', 'roomCount': 7, 'unitCount': 1}",2.0,11326.0
30,2.0,780.0,"{'cooling': True, 'coolingType': 'Commercial', 'exteriorType': 'Wood', 'floorCount': 1, 'heating': True, 'heatingType': 'Forced Air', 'roofType': 'Composition Shingle', 'roomCount': 3, 'unitCount': 1}",1.0,19314.0
31,3.0,1262.0,"{'cooling': True, 'coolingType': 'Evaporative', 'exteriorType': 'Block', 'floorCount': 1, 'heating': True, 'heatingType': 'Forced Air', 'roofType': 'Asphalt', 'roomCount': 6, 'unitCount': 1}",1.0,8335.0
32,0.0,1429.0,"{'cooling': True, 'coolingType': 'Central', 'exteriorType': 'Wood Frame', 'heating': True, 'heatingType': 'Central', 'unitCount': 1}",0.0,436.0
33,2.0,1368.0,"{'exteriorType': 'Aluminum / Vinyl Siding', 'floorCount': 1, 'foundationType': 'Pier / Post & Beam', 'roofType': 'Metal', 'unitCount': 1}",2.0,27343.0
34,4.0,2148.0,nan,2.5,0.0
35,4.0,2851.0,"{'cooling': True, 'coolingType': 'Central', 'exteriorType': 'Wood', 'floorCount': 2, 'foundationType': 'Slab / Mat / Raft', 'garage': True, 'garageType': 'Garage', 'heating': True, 'heatingType': 'Central', 'roofType': 'Asphalt', 'roomCount': 8}",2.5,944.0
36,0.0,1366.0,"{'cooling': True, 'coolingType': 'Package', 'exteriorType': 'Siding', 'fireplace': True, 'floorCount': 1, 'foundationType': 'Footing', 'garage': True, 'garageType': 'Detached', 'heating': True, 'heatingType': 'Central', 'roofType': 'Metal', 'unitCount': 1}",2.0,20306.0
37,3.0,1615.0,"{'architectureType': 'Contemporary', 'cooling': True, 'coolingType': 'Central', 'exteriorType': 'Asbestos Shingle', 'floorCount': 1, 'foundationType': 'Slab', 'garage': True, 'garageSpaces': 2, 'garageType': 'Carport', 'heating': True, 'heatingType': 'Forced Air', 'roofType': 'Asphalt', 'roomCount': 5, 'unitCount': 1}",1.0,7971.0
38,2.0,1188.0,"{'cooling': True, 'coolingType': 'Central', 'fireplace': True, 'fireplaceType': 'Single', 'floorCount': 2, 'garage': True, 'garageSpaces': 2, 'garageType': 'Attached', 'heating': True, 'heatingType': 'Central', 'unitCount': 1}",2.0,1.0
39,1.0,1088.0,nan,1.0,19994.0
40,3.0,1909.0,"{'architectureType': 'Modern', 'cooling': True, 'coolingType': 'Central', 'fireplace': True, 'floorCount': 2, 'garage': True, 'garageSpaces': 2, 'garageType': 'Attached', 'heating': True, 'heatingType': 'Central', 'roofType': 'Tile', 'roomCount': 7, 'unitCount': 1, 'viewType': 'Good'}",2.5,3840.0
41,2.0,1169.0,"{'architectureType': 'Bungalow', 'cooling': True, 'coolingType': 'Central', 'exteriorType': 'Stucco', 'fireplace': True, 'floorCount': 1, 'foundationType': 'Slab', 'garage': True, 'garageSpaces': 1, 'garageType': 'Detached', 'heating': True, 'heatingType': 'Central', 'roofType': 'Composition Shingle', 'roomCount': 5, 'unitCount': 1}",1.0,6969.0
42,3.0,1691.0,nan,3.5,0.0
43,0.0,2016.0,{'unitCount': 1},0.0,21000.0
44,0.0,975.0,"{'architectureType': 'Conventional', 'cooling': True, 'coolingType': 'Commercial', 'exteriorType': 'Siding', 'fireplace': True, 'fireplaceType': '1 Story Brick Chimney', 'floorCount': 1, 'garage': True, 'garageType': 'Garage', 'heating': True, 'heatingType': 'Baseboard', 'roofType': 'Composition Shingle', 'unitCount': 1}",1.5,8860.0
45,3.0,1366.0,"{'cooling': True, 'coolingType': 'Central', 'exteriorType': 'Asbestos Shingle', 'floorCount': 1, 'foundationType': 'OTHER', 'heating': True, 'heatingType': 'Central', 'roofType': 'Composition Shingle', 'roomCount': 7, 'unitCount': 1}",2.0,6970.0
46,0.0,2016.0,"{'architectureType': 'Conventional', 'cooling': True, 'coolingType': 'Commercial', 'exteriorType': 'Aluminum / Vinyl Siding', 'fireplace': True, 'fireplaceType': '2 Story', 'floorCount': 2, 'garage': True, 'garageSpaces': 2, 'garageType': 'Mixed', 'heating': True, 'heatingType': 'Heat Pump', 'pool': True, 'poolType': 'Pool, Concrete', 'roofType': 'Composition Shingle', 'unitCount': 1}",4.0,15202.0
47,3.0,1189.0,"{'architectureType': 'Conventional', 'cooling': True, 'coolingType': 'Commercial', 'exteriorType': 'Aluminum / Vinyl Siding', 'fireplace': True, 'floorCount': 1, 'foundationType': 'Slab / Mat / Raft', 'garage': True, 'garageType': 'Attached', 'heating': True, 'heatingType': 'Forced Air', 'roofType': 'Shingle', 'roomCount': 6, 'unitCount': 1}",2.0,1189.0
48,3.0,1257.0,"{'cooling': True, 'coolingType': 'Central', 'exteriorType': 'OTHER', 'floorCount': 2, 'foundationType': 'Block', 'garage': True, 'garageType': 'Detached', 'heating': True, 'heatingType': 'Central', 'roofType': 'Composition Shingle', 'roomCount': 7, 'unitCount': 1}",1.0,5130.0
49,3.0,2128.0,"{'architectureType': 'Townhouse', 'cooling': True, 'coolingType': 'Central', 'exteriorType': 'Aluminum / Vinyl Siding', 'fireplace': True, 'fireplaceType': 'Prefab', 'floorCount': 3, 'foundationType': 'Slab / Mat / Raft', 'garage': True, 'garageType': 'Basement', 'heating': True, 'heatingType': 'Central', 'roofType': 'Asphalt', 'unitCount': 1}",2.5,2178.0
50,3.0,1870.0,nan,2.5,0.0
51,3.0,1738.0,"{'cooling': True, 'coolingType': 'Commercial', 'exteriorType': 'Stucco', 'floorCount': 1, 'foundationType': 'Slab / Mat / Raft', 'garage': True, 'garageType': 'Garage', 'heating': True, 'heatingType': 'Heat Pump', 'pool': True, 'poolType': 'Enclosed Pool', 'roofType': 'Fiberglass', 'unitCount': 1}",2.0,19602.0
52,2.0,900.0,"{'exteriorType': 'Wood', 'fireplace': True, 'fireplaceType': '2 Story', 'floorCount': 1, 'foundationType': 'OTHER', 'garage': True, 'garageType': 'Detached', 'heating': True, 'heatingType': 'Floor / Wall', 'roofType': 'Asphalt', 'unitCount': 1}",1.0,6534.0
53,3.0,1874.0,"{'cooling': True, 'coolingType': 'Central', 'exteriorType': 'OTHER', 'fireplace': True, 'floorCount': 1, 'garage': True, 'garageType': 'Carport', 'heating': True, 'heatingType': 'Forced Air', 'roofType': 'Shingle', 'unitCount': 1}",2.0,14985.0
54,5.0,1750.0,"{'architectureType': 'Ranch', 'exteriorType': 'Wood', 'floorCount': 1, 'foundationType': 'Raised', 'garage': True, 'garageType': 'Carport', 'heating': True, 'heatingType': 'Forced Air', 'roomCount': 8, 'unitCount': 1}",1.0,4995.0
55,0.0,2742.0,"{'exteriorType': 'Wood', 'floorCount': 1, 'garage': True, 'garageSpaces': 1, 'garageType': 'Garage', 'unitCount': 1}",0.0,9104.0
56,3.0,990.0,"{'cooling': True, 'coolingType': 'Central', 'floorCount': 1, 'garage': True, 'garageSpaces': 1, 'garageType': 'Garage', 'heating': True, 'heatingType': 'Central', 'unitCount': 1}",2.0,4665.0
57,3.0,1222.0,"{'architectureType': 'Conventional', 'exteriorType': 'Aluminum / Vinyl Siding', 'floorCount': 2, 'heating': True, 'heatingType': 'Hot Water', 'roofType': 'Asphalt', 'roomCount': 6, 'unitCount': 1}",3.0,5440.0
58,6.0,4008.0,"{'architectureType': 'Tudor', 'cooling': True, 'coolingType': 'Commercial', 'exteriorType': 'Rock, Stone', 'fireplace': True, 'floorCount': 3, 'garage': True, 'garageSpaces': 2, 'garageType': 'Underground / Basement', 'heating': True, 'heatingType': 'Hot Water', 'roofType': 'Slate', 'roomCount': 11, 'unitCount': 1}",4.0,13068.0
59,4.0,1680.0,"{'architectureType': 'Colonial', 'cooling': True, 'coolingType': 'Commercial', 'exteriorType': 'Brick / Stone', 'floorCount': 2, 'garage': True, 'garageSpaces': 2, 'garageType': 'Attached', 'heating': True, 'heatingType': 'Gas', 'roomCount': 7, 'unitCount': 1}",1.5,9148.0
60,2.0,842.0,"{'floorCount': 1, 'garage': True, 'garageType': 'Garage', 'roomCount': 5, 'unitCount': 1}",1.0,26290.0
61,2.0,1124.0,"{'architectureType': 'Contemporary', 'cooling': True, 'coolingType': 'Central', 'exteriorType': 'Asbestos Shingle', 'floorCount': 1, 'foundationType': 'Slab / Mat / Raft', 'garage': True, 'garageType': 'Carport', 'heating': True, 'heatingType': 'Forced Air', 'roofType': 'Asphalt', 'roomCount': 4, 'unitCount': 1}",1.5,6011.0
62,0.0,1980.0,"{'exteriorType': 'Aluminum / Vinyl Siding', 'floorCount': 2, 'unitCount': 1}",0.0,5000.0
63,2.0,1047.0,"{'cooling': True, 'coolingType': 'Central', 'exteriorType': 'Aluminum / Vinyl Siding', 'floorCount': 1, 'foundationType': 'Masonry', 'roofType': 'Metal', 'roomCount': 4}",1.0,4792.0
64,3.0,2606.0,"{'cooling': True, 'coolingType': 'Central', 'exteriorType': 'Brick Veneer', 'fireplace': True, 'floorCount': 1, 'foundationType': 'Slab / Mat / Raft', 'garage': True, 'garageSpaces': 1, 'garageType': 'Attached', 'heating': True, 'heatingType': 'Central', 'roofType': 'Composition Shingle', 'unitCount': 1}",2.5,10260.0
65,3.0,1844.0,"{'cooling': True, 'coolingType': 'Refrigeration', 'exteriorType': 'Wood', 'floorCount': 1, 'garage': True, 'garageSpaces': 3, 'garageType': 'Garage', 'heating': True, 'heatingType': 'Forced Air', 'roofType': 'Tile', 'roomCount': 7}",2.0,6885.0
66,3.0,1152.0,"{'architectureType': 'Condo / Apartment', 'floorCount': 1, 'unitCount': 1}",2.0,2688.0
67,4.0,1852.0,"{'architectureType': 'Colonial', 'cooling': True, 'coolingType': 'Commercial', 'exteriorType': 'Aluminum / Vinyl Siding', 'fireplace': True, 'fireplaceType': '2 Story', 'floorCount': 2, 'garage': True, 'garageType': 'Attached', 'heating': True, 'heatingType': 'Forced Air', 'roofType': 'Composition Shingle', 'roomCount': 8, 'unitCount': 1}",2.5,9148.0
68,1.0,800.0,"{'cooling': True, 'coolingType': 'Commercial', 'exteriorType': 'OTHER', 'foundationType': 'Retaining Wall', 'heating': True, 'roomCount': 2}",1.0,274428.0
69,4.0,1694.0,"{'floorCount': 2, 'garage': True, 'garageType': 'Garage', 'heating': True, 'roomCount': 8, 'unitCount': 1}",2.0,3648.0
70,2.0,752.0,"{'architectureType': 'Conventional', 'exteriorType': 'Aluminum / Vinyl Siding', 'floorCount': 1, 'heating': True, 'heatingType': 'Forced Air', 'roomCount': 4, 'unitCount': 1}",1.0,7800.0
71,4.0,1920.0,"{'exteriorType': 'Concrete Block', 'floorCount': 1, 'roofType': 'Other', 'unitCount': 1}",2.0,11680.0
72,0.0,1289.0,"{'architectureType': 'Cape Cod', 'cooling': True, 'coolingType': 'Central', 'exteriorType': 'Brick / Stone', 'floorCount': 1, 'foundationType': 'OTHER', 'heating': True, 'heatingType': 'Central', 'roofType': 'Shingle', 'roomCount': 5, 'unitCount': 1}",1.5,6200.0
73,3.0,888.0,"{'architectureType': 'Ranch', 'exteriorType': 'Brick', 'floorCount': 1, 'roomCount': 5, 'unitCount': 1}",1.0,9148.0
74,3.0,978.0,"{'architectureType': 'Ranch', 'cooling': True, 'coolingType': 'Commercial', 'exteriorType': 'Wood', 'floorCount': 1, 'foundationType': 'OTHER', 'garage': True, 'garageType': 'Attached', 'heating': True, 'heatingType': 'Forced Air', 'roofType': 'Composition Shingle', 'roomCount': 5, 'unitCount': 1}",3.0,7405.0
75,3.0,1450.0,"{'architectureType': 'Single Story', 'cooling': True, 'coolingType': 'Central', 'exteriorType': 'Stucco', 'fireplace': True, 'floorCount': 1, 'garage': True, 'garageSpaces': 1, 'garageType': 'Attached', 'heating': True, 'heatingType': 'Forced Air', 'roofType': 'Tile', 'roomCount': 5, 'unitCount': 1}",2.0,8712.0
76,2.0,864.0,"{'exteriorType': 'Metal', 'floorCount': 1, 'garage': True, 'garageType': 'Attached', 'heating': True, 'heatingType': 'Forced Air', 'roofType': 'Asphalt', 'roomCount': 5, 'unitCount': 1}",2.0,11761.0
77,3.0,1802.0,"{'architectureType': 'A-Frame', 'cooling': True, 'coolingType': 'Commercial', 'exteriorType': 'Aluminum / Vinyl Siding', 'floorCount': 2, 'foundationType': 'OTHER', 'garage': True, 'garageType': 'Built-in', 'heating': True, 'heatingType': 'Forced Air', 'roofType': 'Shingle', 'roomCount': 6, 'unitCount': 1}",2.0,14375.0
78,3.0,2008.0,"{'architectureType': 'Townhouse', 'cooling': True, 'coolingType': 'Commercial', 'exteriorType': 'Aluminum / Vinyl Siding', 'fireplace': True, 'floorCount': 3, 'garage': True, 'garageSpaces': 1, 'garageType': 'Built-in Garage', 'heating': True, 'heatingType': 'Forced Air', 'roofType': 'Composition Shingle', 'unitCount': 1}",2.5,1800.0
79,0.0,0.0,{},0.0,18295.0
80,4.0,2696.0,"{'architectureType': 'Split Level', 'cooling': True, 'coolingType': 'Central', 'exteriorType': 'Wood', 'fireplace': True, 'floorCount': 2, 'garage': True, 'garageType': 'Attached', 'heating': True, 'heatingType': 'Heat Pump', 'roomCount': 8, 'unitCount': 1}",3.5,15936.0
81,5.0,1680.0,"{'architectureType': 'Split Entry', 'cooling': True, 'coolingType': 'Commercial', 'exteriorType': 'Brick', 'fireplace': True, 'floorCount': 1, 'garage': True, 'garageType': 'Garage', 'heating': True, 'heatingType': 'Forced Air', 'roofType': 'Composition Shingle', 'roomCount': 9, 'unitCount': 1}",3.0,20001.0
82,3.0,1641.0,"{'architectureType': 'Traditional', 'cooling': True, 'coolingType': 'Central', 'exteriorType': 'Brick Veneer', 'fireplace': True, 'floorCount': 1, 'foundationType': 'Slab / Mat / Raft', 'garage': True, 'garageSpaces': 2, 'garageType': 'Attached', 'heating': True, 'heatingType': 'Central', 'roomCount': 6, 'unitCount': 1}",2.0,8250.0
83,2.0,936.0,nan,1.0,0.0
84,3.0,571.0,"{'architectureType': 'Condo / Apartment', 'cooling': True, 'coolingType': 'Commercial', 'floorCount': 2, 'garage': True, 'garageSpaces': 1, 'garageType': 'Garage', 'heating': True, 'heatingType': 'Central', 'roomCount': 8, 'unitCount': 1}",1.0,436.0
85,3.0,1298.0,{'unitCount': 1},1.0,5400.0
86,3.0,4884.0,"{'cooling': True, 'coolingType': 'Central', 'exteriorType': 'Brick Veneer', 'fireplace': True, 'fireplaceType': 'Masonry', 'floorCount': 1, 'foundationType': 'Concrete', 'garage': True, 'garageSpaces': 5, 'garageType': 'Garage', 'heating': True, 'heatingType': 'Forced Air', 'pool': True, 'poolType': 'Pool, Concrete', 'roofType': 'Tile', 'unitCount': 1}",2.5,35284.0
87,3.0,1087.0,"{'architectureType': 'Bungalow', 'cooling': True, 'coolingType': 'Commercial', 'exteriorType': 'Brick / Stone', 'floorCount': 1, 'garage': True, 'garageType': 'Detached', 'roofType': 'Shingle', 'unitCount': 1}",1.0,5120.0
88,0.0,0.0,nan,0.0,0.0
89,5.0,2420.0,"{'exteriorType': 'Wood', 'floorCount': 2, 'unitCount': 1}",3.0,4552.0
90,1.0,690.0,{},1.0,0.0
91,0.0,0.0,{'unitCount': 1},0.0,8700.0
92,4.0,1254.0,"{'fireplace': True, 'floorCount': 2, 'roomCount': 6, 'unitCount': 1}",1.5,946.0
93,3.0,1728.0,"{'architectureType': 'Conventional', 'cooling': True, 'coolingType': 'Commercial', 'exteriorType': 'Wood Siding', 'fireplace': True, 'floorCount': 1, 'foundationType': 'Other', 'heating': True, 'heatingType': 'Heat Pump', 'roofType': 'Shingle (Not Wood)', 'roomCount': 6, 'unitCount': 1}",2.0,16379.0
94,4.0,3589.0,"{'cooling': True, 'coolingType': 'Central', 'exteriorType': 'Siding', 'fireplace': True, 'floorCount': 2, 'garage': True, 'garageType': 'Attached', 'heating': True, 'heatingType': 'Central', 'roomCount': 10}",2.5,125888.0
95,4.0,1700.0,"{'architectureType': 'Split Entry', 'cooling': True, 'coolingType': 'Central', 'exteriorType': 'Wood', 'fireplace': True, 'floorCount': 1, 'foundationType': 'OTHER', 'heating': True, 'heatingType': 'Forced Air', 'roofType': 'Composition Shingle', 'unitCount': 1}",2.0,5000.0
96,2.0,754.0,{},1.0,0.0
97,3.0,2100.0,"{'cooling': True, 'coolingType': 'Central', 'exteriorType': 'Aluminum / Vinyl Siding', 'floorCount': 2, 'foundationType': 'Concrete', 'garage': True, 'garageSpaces': 2, 'garageType': 'Garage', 'heating': True, 'heatingType': 'Central', 'roofType': 'Composition Shingle', 'unitCount': 1}",3.0,10890.0
98,4.0,2207.0,"{'cooling': True, 'coolingType': 'Central', 'exteriorType': 'Stucco', 'floorCount': 1, 'foundationType': 'Slab / Mat / Raft', 'garage': True, 'garageSpaces': 1, 'garageType': 'Garage', 'pool': True, 'poolType': 'Pool and Hot Tub / Spa', 'roofType': 'Tile', 'unitCount': 1}",2.0,8400.0
99,4.0,2314.0,"{'cooling': True, 'coolingType': 'Central', 'exteriorType': 'Siding', 'fireplace': True, 'fireplaceType': '2 Story', 'floorCount': 2, 'foundationType': 'Slab / Mat / Raft', 'garage': True, 'garageType': 'Attached', 'heating': True, 'heatingType': 'Central', 'roofType': 'Roll Composition', 'roomCount': 8, 'unitCount': 1}",3.0,8233.0
100,2.0,1234.0,"{'cooling': True, 'coolingType': 'Central', 'exteriorType': 'Brick Veneer', 'floorCount': 1, 'garage': True, 'garageType': 'Attached', 'heating': True, 'heatingType': 'Forced Air', 'roofType': 'Asphalt'}",2.0,2963.0
101,0.0,2285.0,"{'cooling': True, 'coolingType': 'Refrigeration', 'exteriorType': 'Stucco', 'floorCount': 1, 'garage': True, 'garageSpaces': 3, 'garageType': 'Garage', 'heating': True, 'pool': True, 'roofType': 'Other', 'unitCount': 1}",3.0,8388.0
102,6.0,3916.0,"{'cooling': True, 'coolingType': 'Central', 'exteriorType': 'Brick Veneer', 'fireplace': True, 'floorCount': 2, 'foundationType': 'Slab / Mat / Raft', 'garage': True, 'garageSpaces': 2, 'garageType': 'Garage', 'heating': True, 'heatingType': 'Central', 'unitCount': 1}",2.5,7151.0
103,3.0,1386.0,"{'cooling': True, 'coolingType': 'Central', 'exteriorType': 'Brick Veneer', 'fireplace': True, 'foundationType': 'Slab / Mat / Raft', 'garage': True, 'garageType': 'Attached', 'heating': True, 'heatingType': 'Central', 'roofType': 'Composition Shingle'}",8.0,0.0
104,0.0,2544.0,"{'cooling': True, 'coolingType': 'Central', 'exteriorType': 'Brick Veneer', 'floorCount': 2, 'foundationType': 'Slab / Mat / Raft', 'garage': True, 'garageSpaces': 2, 'garageType': 'Attached', 'heating': True, 'heatingType': 'Central', 'roofType': 'Composition Shingle'}",0.0,6534.0
105,0.0,980.0,{'architectureType': 'Mobile Home'},0.0,0.0
106,4.0,2943.0,"{'architectureType': 'Ranch', 'cooling': True, 'coolingType': 'Central', 'exteriorType': 'Brick', 'fireplace': True, 'floorCount': 1, 'foundationType': 'Slab / Mat / Raft', 'garage': True, 'garageType': 'Attached', 'heating': True, 'heatingType': 'Central', 'roofType': 'Roll Composition', 'roomCount': 8, 'unitCount': 1}",2.5,21257.0
107,4.0,1567.0,"{'architectureType': 'French Provincial', 'cooling': True, 'coolingType': 'Commercial', 'fireplace': True, 'roomCount': 8}",4.0,14323.0
108,3.0,2170.0,"{'architectureType': 'Single Story', 'cooling': True, 'coolingType': 'Central', 'exteriorType': 'Aluminum / Vinyl Siding', 'fireplace': True, 'floorCount': 1, 'heating': True, 'heatingType': 'Forced Air', 'roofType': 'Built-up (Layered Asphalt)', 'roomCount': 7, 'unitCount': 1}",2.0,6970.0
109,3.0,936.0,"{'architectureType': 'Ranch', 'exteriorType': 'Aluminum / Vinyl Siding', 'floorCount': 1, 'garage': True, 'garageSpaces': 2, 'garageType': 'Mixed', 'heating': True, 'heatingType': 'Gas', 'roomCount': 5, 'unitCount': 1}",1.0,7754.0
110,2.0,1568.0,nan,2.0,0.0
111,2.0,912.0,"{'architectureType': 'Ranch / Rambler', 'floorCount': 1, 'heating': True, 'heatingType': 'Forced Air'}",2.0,9322.0
112,3.0,1082.0,nan,1.0,0.0
113,3.0,1748.0,"{'architectureType': 'Condo / Apartment', 'exteriorType': 'Stucco', 'garage': True, 'garageType': 'Garage', 'heating': True, 'heatingType': 'Forced Air', 'roofType': 'Tile', 'unitCount': 1}",2.0,1799.0
114,5.0,3210.0,"{'cooling': True, 'coolingType': 'Central', 'fireplace': True, 'floorCount': 2, 'garage': True, 'garageSpaces': 2, 'garageType': 'Attached', 'heating': True, 'heatingType': 'Central', 'roofType': 'Tile', 'unitCount': 1}",3.0,18730.0
115,0.0,2970.0,"{'architectureType': 'Conventional', 'cooling': True, 'coolingType': 'Commercial', 'exteriorType': 'Aluminum / Vinyl Siding', 'fireplace': True, 'floorCount': 2, 'garage': True, 'garageType': 'Garage', 'heating': True, 'heatingType': 'Steam', 'roofType': 'Metal', 'unitCount': 1}",2.5,22961.0
116,8.0,2517.0,"{'architectureType': 'Duplex', 'cooling': True, 'coolingType': 'Commercial', 'heating': True, 'heatingType': 'Floor / Wall', 'unitCount': 2}",2.0,7230.0
117,4.0,3189.0,"{'exteriorType': 'Ribbed Aluminum', 'floorCount': 2, 'garage': True, 'garageType': 'Attached', 'heating': True, 'heatingType': 'Forced Air', 'roomCount': 9}",3.0,8775.0
118,3.0,1116.0,"{'cooling': True, 'coolingType': 'Central', 'exteriorType': 'Brick', 'fireplace': True, 'fireplaceType': 'Masonry', 'floorCount': 1, 'foundationType': 'Concrete', 'garage': True, 'garageSpaces': 1, 'garageType': 'Garage', 'heating': True, 'heatingType': 'Central', 'unitCount': 1, 'architectureType': 'Ranch'}",2.0,8712.0
119,2.0,1044.0,"{'cooling': True, 'coolingType': 'Central', 'exteriorType': 'Aluminum / Vinyl Siding', 'fireplace': True, 'fireplaceType': 'Prefab', 'floorCount': 1, 'garage': True, 'garageSpaces': 1, 'garageType': 'Garage', 'heating': True, 'heatingType': 'Forced Air', 'roofType': 'Composition Shingle', 'unitCount': 1}",2.0,3850.0
120,3.0,1736.0,nan,2.5,0.0
121,3.0,988.0,"{'architectureType': 'Ranch', 'cooling': True, 'coolingType': 'Central', 'exteriorType': 'Aluminum / Vinyl Siding', 'floorCount': 1, 'garage': True, 'garageSpaces': 2, 'garageType': 'Detached', 'heating': True, 'heatingType': 'Forced Air', 'roofType': 'Asphalt', 'roomCount': 5, 'unitCount': 1}",1.0,4920.0
122,0.0,0.0,"{'floorCount': 1, 'unitCount': 1}",0.0,7840.0
123,3.0,6945.0,nan,4.5,0.0
124,0.0,980.0,"{'architectureType': 'Mobile Home', 'cooling': True, 'coolingType': 'Central', 'floorCount': 1, 'foundationType': 'Other', 'heating': True, 'heatingType': 'Central', 'roofType': 'Other'}",0.0,0.0
125,3.0,1655.0,"{'architectureType': 'Conventional', 'cooling': True, 'coolingType': 'Commercial', 'exteriorType': 'Shingle', 'fireplace': True, 'floorCount': 2, 'garage': True, 'garageSpaces': 2, 'garageType': 'Attached', 'heating': True, 'heatingType': 'Forced Air', 'roofType': 'Composition Shingle', 'roomCount': 8, 'unitCount': 1}",2.5,10890.0
126,6.0,3165.0,nan,3.0,0.0
127,0.0,4239.0,"{'cooling': True, 'coolingType': 'Commercial', 'exteriorType': 'Brick', 'fireplace': True, 'fireplaceType': 'Single', 'floorCount': 2, 'foundationType': 'Raised', 'garage': True, 'garageType': 'Attached', 'heating': True, 'heatingType': 'Central', 'roofType': 'Asphalt', 'unitCount': 1}",5.0,20710.0
128,4.0,2067.0,"{'cooling': True, 'coolingType': 'Central', 'exteriorType': 'Other', 'floorCount': 1, 'foundationType': 'Concrete', 'garage': True, 'garageSpaces': 2, 'garageType': 'Built-in Garage', 'heating': True, 'heatingType': 'Central', 'pool': True, 'poolType': 'Gunite', 'roofType': 'Tile', 'unitCount': 1}",3.0,8502.0
129,2.0,1706.0,nan,2.0,0.0
130,5.0,3344.0,nan,3.0,0.0
131,4.0,2979.0,nan,4.0,0.0
132,3.0,1484.0,"{'architectureType': 'Traditional', 'cooling': True, 'coolingType': 'Central', 'exteriorType': 'Brick Veneer', 'fireplace': True, 'floorCount': 1, 'foundationType': 'Slab / Mat / Raft', 'garage': True, 'garageSpaces': 2, 'garageType': 'Attached', 'heating': True, 'heatingType': 'Central', 'roomCount': 5, 'unitCount': 1}",2.0,8398.0
133,4.0,4420.0,"{'cooling': True, 'coolingType': 'Commercial', 'exteriorType': 'Stucco', 'floorCount': 2, 'foundationType': 'Slab', 'garage': True, 'garageType': 'Attached Garage', 'heating': True, 'roofType': 'Concrete', 'roomCount': 11, 'unitCount': 1}",4.5,44122.0
134,3.0,2172.0,"{'cooling': True, 'coolingType': 'Central', 'exteriorType': 'Stucco', 'floorCount': 2, 'garage': True, 'garageType': 'Garage', 'heating': True, 'heatingType': 'Forced Air', 'roofType': 'Composition Shingle', 'unitCount': 1}",2.0,6343.0
135,4.0,3722.0,"{'cooling': True, 'coolingType': 'Commercial', 'exteriorType': 'Stucco', 'fireplace': True, 'floorCount': 1, 'garage': True, 'garageSpaces': 3, 'garageType': 'Attached', 'heating': True, 'heatingType': 'Hot Water', 'roofType': 'Tile', 'roomCount': 8, 'unitCount': 1}",3.0,20413.0
136,3.0,1077.0,"{'cooling': True, 'coolingType': 'Commercial', 'floorCount': 1, 'garage': True, 'garageSpaces': 1, 'garageType': 'Garage', 'heating': True, 'unitCount': 1}",1.0,8398.0
137,3.0,1610.0,"{'cooling': True, 'coolingType': 'Central', 'exteriorType': 'Concrete Block', 'floorCount': 2, 'foundationType': 'Slab', 'garage': True, 'garageSpaces': 1, 'garageType': 'Detached Garage', 'heating': True, 'heatingType': 'Central', 'roomCount': 6, 'unitCount': 1}",2.5,4269.0
138,3.0,1657.0,"{'cooling': True, 'coolingType': 'Commercial', 'fireplace': True, 'floorCount': 1, 'foundationType': 'Slab / Mat / Raft', 'garage': True, 'garageSpaces': 1, 'garageType': 'Attached', 'heating': True, 'heatingType': 'Central', 'unitCount': 1}",2.0,5136.0
139,3.0,1008.0,nan,1.0,0.0
140,4.0,1635.0,"{'architectureType': 'Old Style', 'cooling': True, 'coolingType': 'Commercial', 'exteriorType': 'Wood', 'floorCount': 2, 'garage': True, 'garageType': 'Detached', 'roofType': 'Shingle', 'unitCount': 1}",1.5,6600.0
141,2.0,672.0,"{'architectureType': 'Mobile Home', 'exteriorType': 'Wood', 'floorCount': 1, 'roofType': 'Metal', 'unitCount': 1}",1.0,54450.0
142,0.0,3078.0,"{'cooling': True, 'coolingType': 'Commercial', 'exteriorType': 'Brick', 'fireplace': True, 'floorCount': 2, 'foundationType': 'Footing', 'garage': True, 'garageType': 'Attached', 'heating': True, 'roofType': 'Metal', 'unitCount': 1}",3.0,236095.0
143,3.0,2042.0,"{'architectureType': 'Split Level', 'cooling': True, 'coolingType': 'Central', 'exteriorType': 'Wood', 'fireplace': True, 'fireplaceType': 'Prefab', 'floorCount': 1, 'garage': True, 'garageSpaces': 2, 'garageType': 'Underground / Basement', 'heating': True, 'heatingType': 'Hot Water', 'roomCount': 7, 'unitCount': 1}",2.0,6111.0
144,3.0,3031.0,"{'architectureType': 'Contemporary', 'cooling': True, 'coolingType': 'Central', 'exteriorType': 'Other', 'floorCount': 2, 'foundationType': 'Slab / Mat / Raft', 'garage': True, 'garageSpaces': 2, 'garageType': 'Attached', 'heating': True, 'heatingType': 'Forced Air', 'roofType': 'Asphalt', 'roomCount': 8, 'unitCount': 1}",2.0,6011.0
145,4.0,2747.0,"{'exteriorType': 'Wood', 'floorCount': 2, 'garage': True, 'garageSpaces': 2, 'garageType': 'Garage', 'unitCount': 1}",3.0,9448.0
146,3.0,1185.0,nan,2.0,41382.0
147,5.0,3292.0,"{'architectureType': 'Traditional', 'cooling': True, 'coolingType': 'Central', 'exteriorType': 'Brick', 'fireplace': True, 'floorCount': 2, 'heating': True, 'heatingType': 'Central'}",2.5,8276.0
148,0.0,4387.0,"{'architectureType': 'Conventional', 'cooling': True, 'coolingType': 'Central', 'exteriorType': 'Aluminum / Vinyl Siding', 'fireplace': True, 'floorCount': 2, 'garage': True, 'garageType': 'Garage', 'heating': True, 'heatingType': 'Central', 'unitCount': 1}",3.0,10454.0
149,5.0,3238.0,"{'architectureType': 'Conventional', 'cooling': True, 'coolingType': 'Commercial', 'exteriorType': 'Siding', 'fireplace': True, 'fireplaceType': '2 Story', 'floorCount': 2, 'garage': True, 'garageSpaces': 2, 'garageType': 'Attached', 'heating': True, 'heatingType': 'Forced Air', 'roofType': 'Composition Shingle', 'unitCount': 1}",4.5,17222.0
150,3.0,1288.0,"{'cooling': True, 'coolingType': 'Central', 'exteriorType': 'Wood', 'floorCount': 1, 'foundationType': 'Masonry', 'heating': True, 'heatingType': 'Forced Air', 'roofType': 'Wood Shingle', 'roomCount': 7, 'unitCount': 1}",2.0,5330.0
151,3.0,2243.0,"{'fireplace': True, 'floorCount': 2, 'garage': True, 'garageType': 'Garage', 'roomCount': 5, 'unitCount': 1}",2.5,3484.0
152,0.0,2663.0,"{'cooling': True, 'coolingType': 'Central', 'exteriorType': 'Brick', 'fireplace': True, 'floorCount': 2, 'foundationType': 'Block with Runner', 'garage': True, 'garageSpaces': 3, 'garageType': 'Attached', 'heating': True, 'heatingType': 'Central', 'pool': True, 'roofType': 'Composition Shingle', 'unitCount': 1}",3.0,44431.0
153,3.0,2382.0,nan,3.0,6447.0
154,2.0,1645.0,nan,1.0,1742400.0
155,3.0,1200.0,"{'cooling': True, 'coolingType': 'Central', 'exteriorType': 'Aluminum / Vinyl Siding', 'fireplace': True, 'fireplaceType': 'Prefab', 'floorCount': 2, 'foundationType': 'Slab / Mat / Raft', 'heating': True, 'heatingType': 'Forced Air', 'unitCount': 1}",2.5,1460.0
156,2.0,1182.0,"{'architectureType': 'Ranch', 'cooling': True, 'coolingType': 'Central', 'exteriorType': 'Concrete', 'fireplace': True, 'floorCount': 1, 'foundationType': 'Slab / Mat / Raft', 'heating': True, 'heatingType': 'Forced Air', 'roofType': 'Asphalt', 'unitCount': 1}",2.0,9583.0
157,3.0,1104.0,"{'cooling': True, 'coolingType': 'Commercial', 'heating': True, 'unitCount': 1}",2.0,15000.0
158,2.0,1664.0,"{'cooling': True, 'coolingType': 'Commercial', 'exteriorType': 'Brick Veneer', 'garage': True, 'garageType': 'Attached', 'heating': True, 'roofType': 'Composition Shingle', 'roomCount': 6, 'unitCount': 1}",2.0,11927.0
159,3.0,1970.0,"{'architectureType': 'Two Family', 'cooling': True, 'coolingType': 'Commercial', 'exteriorType': 'Brick / Stone', 'floorCount': 2, 'garage': True, 'garageType': 'Detached', 'roofType': 'Shingle', 'unitCount': 2}",2.0,3125.0
160,3.0,980.0,"{'architectureType': 'Mobile Home', 'cooling': True, 'coolingType': 'Central', 'exteriorType': 'Aluminum / Vinyl Siding', 'floorCount': 1, 'foundationType': 'Raised', 'heating': True, 'heatingType': 'Central', 'roomCount': 5}",2.0,0.0
161,2.0,1150.0,"{'architectureType': 'Condo / Apartment', 'cooling': True, 'coolingType': 'Commercial', 'heating': True, 'heatingType': 'Central', 'unitCount': 1}",2.0,21750.0
162,3.0,1309.0,"{'cooling': True, 'coolingType': 'Central', 'exteriorType': 'Aluminum / Vinyl Siding', 'floorCount': 1, 'foundationType': 'OTHER', 'garage': True, 'garageSpaces': 1, 'garageType': 'Garage', 'heating': True, 'heatingType': 'Forced Air', 'roofType': 'Shingle'}",2.0,8799.0
163,4.0,1852.0,"{'architectureType': 'Modern', 'cooling': True, 'coolingType': 'Central', 'exteriorType': 'Stone', 'floorCount': 2, 'foundationType': 'Block', 'garage': True, 'garageType': 'Attached', 'heating': True, 'heatingType': 'Forced Air', 'roofType': 'Wood Shingle', 'unitCount': 1}",3.0,0.0
164,3.0,1680.0,"{'architectureType': 'Raised Ranch', 'cooling': True, 'coolingType': 'Commercial', 'exteriorType': 'Wood', 'fireplace': True, 'floorCount': 1, 'foundationType': 'Crawl / Raised', 'garage': True, 'garageSpaces': 3, 'garageType': 'Mixed', 'heating': True, 'heatingType': 'Steam', 'roofType': 'Composition Shingle', 'unitCount': 1}",2.0,29185.0
165,3.0,1685.0,"{'cooling': True, 'coolingType': 'Central', 'exteriorType': 'Vinyl', 'floorCount': 2, 'foundationType': 'OTHER', 'garage': True, 'garageSpaces': 1, 'garageType': 'Garage', 'heating': True, 'heatingType': 'Central', 'roofType': 'Composition Shingle', 'roomCount': 3, 'architectureType': 'Townhouse'}",2.0,1095.0
166,3.0,1590.0,"{'cooling': True, 'coolingType': 'Central', 'exteriorType': 'Brick Veneer', 'fireplace': True, 'floorCount': 1, 'foundationType': 'Slab / Mat / Raft', 'garage': True, 'garageSpaces': 2, 'garageType': 'Attached', 'heating': True, 'heatingType': 'Central', 'pool': True, 'roofType': 'Composition Shingle', 'unitCount': 1}",2.0,7871.0
167,2.0,0.0,nan,2.0,0.0
168,1.0,672.0,"{'cooling': True, 'coolingType': 'Commercial', 'exteriorType': 'Stucco', 'floorCount': 1, 'garage': True, 'garageType': 'Detached', 'heating': True, 'heatingType': 'Forced Air', 'roofType': 'Asphalt', 'roomCount': 4, 'unitCount': 1}",1.0,5227.0
169,2.0,837.0,nan,1.0,0.0
170,2.0,1110.0,nan,2.0,0.0
171,3.0,2448.0,"{'architectureType': 'Split Level', 'cooling': True, 'coolingType': 'Central', 'exteriorType': 'OTHER', 'fireplace': True, 'fireplaceType': 'Prefab', 'floorCount': 2, 'foundationType': 'Footing', 'garage': True, 'garageSpaces': 1, 'garageType': 'Attached', 'heating': True, 'heatingType': 'Forced Air', 'roofType': 'Wood Shingle', 'unitCount': 1}",2.5,7318.0
172,4.0,1693.0,"{'architectureType': 'Traditional', 'cooling': True, 'coolingType': 'Central', 'exteriorType': 'Brick Veneer', 'fireplace': True, 'floorCount': 1, 'foundationType': 'Slab / Mat / Raft', 'garage': True, 'garageSpaces': 2, 'garageType': 'Attached', 'heating': True, 'heatingType': 'Central', 'roomCount': 6, 'unitCount': 1}",2.0,6299.0
173,6.0,2080.0,"{'exteriorType': 'Aluminum / Vinyl Siding', 'floorCount': 2, 'foundationType': 'Slab / Mat / Raft', 'heating': True, 'heatingType': 'Forced Air'}",2.0,4356.0
174,3.0,1351.0,"{'cooling': True, 'coolingType': 'Central', 'fireplace': True, 'fireplaceType': 'Masonry', 'floorCount': 1, 'foundationType': 'Raised', 'garage': True, 'garageSpaces': 1, 'garageType': 'Detached', 'heating': True, 'heatingType': 'Central', 'pool': True, 'poolType': 'Above-Ground Pool', 'roofType': 'Asphalt', 'roomCount': 8, 'unitCount': 1}",1.0,7362.0
175,3.0,1887.0,"{'architectureType': 'Ranch', 'cooling': True, 'coolingType': 'Central', 'exteriorType': 'Aluminum / Vinyl Siding', 'fireplace': True, 'floorCount': 1, 'foundationType': 'OTHER', 'garage': True, 'garageSpaces': 2, 'garageType': 'Attached', 'heating': True, 'heatingType': 'Forced Air', 'roofType': 'Composition Shingle', 'roomCount': 5, 'unitCount': 1}",2.5,10800.0
176,5.0,2656.0,"{'cooling': True, 'coolingType': 'Central', 'floorCount': 2, 'garage': True, 'garageSpaces': 2, 'garageType': 'Garage', 'heating': True, 'heatingType': 'Central', 'unitCount': 1}",2.0,6534.0
177,4.0,2614.0,"{'cooling': True, 'coolingType': 'Central', 'exteriorType': 'Brick', 'fireplace': True, 'floorCount': 2, 'foundationType': 'Slab / Mat / Raft', 'garage': True, 'garageSpaces': 2, 'garageType': 'Attached', 'heating': True, 'heatingType': 'Central', 'roomCount': 8, 'unitCount': 1}",2.0,6969.0
178,4.0,2160.0,"{'cooling': True, 'coolingType': 'Central', 'exteriorType': 'Brick', 'floorCount': 1, 'foundationType': 'Slab / Mat / Raft', 'garage': True, 'garageSpaces': 2, 'garageType': 'Attached', 'heating': True, 'heatingType': 'Central', 'roofType': 'Composition Shingle'}",3.0,6734.0
179,3.0,1144.0,"{'cooling': True, 'coolingType': 'Central', 'exteriorType': 'Masonite', 'fireplace': True, 'fireplaceType': 'Prefab', 'floorCount': 1, 'foundationType': 'Masonry', 'heating': True, 'heatingType': 'Central', 'roofType': 'Metal', 'roomCount': 4}",2.0,43996.0
180,0.0,1220.0,"{'floorCount': 2, 'unitCount': 1}",0.0,5000.0
181,4.0,2950.0,"{'exteriorType': 'Brick', 'fireplace': True, 'floorCount': 2, 'foundationType': 'Crawl / Raised', 'garage': True, 'garageSpaces': 3, 'garageType': 'Attached', 'heating': True, 'heatingType': 'Forced Air', 'roofType': 'Wood Shake / Shingle', 'roomCount': 6, 'unitCount': 1}",3.0,9583.0
182,3.0,1446.0,"{'architectureType': 'Ranch', 'cooling': True, 'coolingType': 'Central', 'exteriorType': 'Brick Veneer', 'fireplace': True, 'floorCount': 1, 'foundationType': 'Slab / Mat / Raft', 'garage': True, 'garageType': 'Attached', 'heating': True, 'heatingType': 'Central', 'roofType': 'Composition Shingle', 'roomCount': 5}",2.0,7231.0
183,4.0,1240.0,"{'architectureType': 'Conventional', 'cooling': True, 'coolingType': 'Central', 'exteriorType': 'OTHER', 'floorCount': 1, 'garage': True, 'garageType': 'Detached', 'heating': True, 'heatingType': 'Central', 'roofType': 'Asphalt', 'roomCount': 8, 'unitCount': 1}",2.5,9017.0
184,2.0,728.0,"{'architectureType': 'Traditional', 'exteriorType': 'Aluminum / Vinyl Siding', 'fireplace': True, 'floorCount': 1, 'foundationType': 'Slab / Mat / Raft', 'garage': True, 'garageType': 'Carport', 'heating': True, 'heatingType': 'Steam', 'roomCount': 4, 'unitCount': 1}",1.0,4356.0
185,2.0,1044.0,"{'architectureType': 'Mobile Home', 'cooling': True, 'coolingType': 'Commercial', 'exteriorType': 'Other', 'floorCount': 1, 'garage': True, 'garageSpaces': 1, 'garageType': 'Carport', 'unitCount': 1}",1.0,4875.0
186,3.0,1300.0,nan,2.0,0.0
187,5.0,2852.0,"{'cooling': True, 'coolingType': 'Central', 'exteriorType': 'Aluminum / Vinyl Siding', 'fireplace': True, 'fireplaceType': 'Prefab', 'floorCount': 2, 'foundationType': 'Footing', 'garage': True, 'garageType': 'Garage', 'heating': True, 'heatingType': 'Heat Pump', 'roofType': 'Composition Shingle', 'unitCount': 1}",3.0,14375.0
188,3.0,1693.0,nan,2.0,0.0
189,4.0,1911.0,nan,2.0,0.0
190,3.0,1898.0,"{'floorCount': 2, 'garage': True, 'garageSpaces': 2, 'garageType': 'Garage', 'roomCount': 7, 'unitCount': 1}",2.0,2465.0
191,4.0,3811.0,nan,3.0,43560.0
192,3.0,1325.0,"{'exteriorType': 'Concrete Block', 'floorCount': 1, 'garage': True, 'garageType': 'Garage', 'roofType': 'Other', 'unitCount': 1}",2.0,6750.0
193,2.0,846.0,"{'architectureType': 'Multi-Unit Building', 'cooling': True, 'coolingType': 'Central', 'exteriorType': 'Stucco', 'floorCount': 1, 'foundationType': 'Slab / Mat / Raft', 'roofType': 'Composition Shingle', 'unitCount': 1}",1.0,3354.0
194,2.0,1632.0,"{'architectureType': 'Ranch', 'cooling': True, 'coolingType': 'Central', 'exteriorType': 'Wood', 'fireplace': True, 'fireplaceType': 'Masonry', 'floorCount': 1, 'foundationType': 'OTHER', 'garage': True, 'garageType': 'Attached', 'heating': True, 'heatingType': 'Forced Air', 'roofType': 'Composition Shingle', 'roomCount': 10, 'unitCount': 1}",3.0,15897.0
195,2.0,0.0,nan,1.0,0.0
196,0.0,2123.0,"{'architectureType': 'Quadruplex', 'roomCount': 20}",0.0,6009.0
197,3.0,1850.0,"{'exteriorType': 'Brick / Stone', 'floorCount': 2, 'foundationType': 'Slab / Mat / Raft', 'garage': True, 'garageType': 'Detached', 'heating': True, 'heatingType': 'Central', 'roofType': 'Asphalt', 'roomCount': 6}",1.0,5050.0
198,0.0,2358.0,"{'cooling': True, 'coolingType': 'Commercial', 'exteriorType': 'Brick', 'floorCount': 1, 'foundationType': 'Retaining Wall', 'heating': True, 'heatingType': 'Forced Air', 'roofType': 'Asphalt', 'unitCount': 1}",1.0,19036.0
199,3.0,1168.0,"{'architectureType': 'Cottage', 'cooling': True, 'coolingType': 'Central', 'exteriorType': 'Wood', 'fireplace': True, 'fireplaceType': 'Prefab', 'floorCount': 1, 'foundationType': 'Pile', 'heating': True, 'heatingType': 'Heat Pump', 'roofType': 'Composition Shingle', 'unitCount': 1}",2.0,3267.0
200,4.0,2192.0,"{'cooling': True, 'coolingType': 'Commercial', 'fireplace': True, 'floorCount': 1, 'garage': True, 'garageType': 'Attached', 'heating': True, 'heatingType': 'Solar', 'unitCount': 1}",2.5,7840.0
201,3.0,1152.0,"{'cooling': True, 'coolingType': 'Central', 'exteriorType': 'Aluminum / Vinyl Siding', 'floorCount': 1, 'foundationType': 'Raised', 'heating': True, 'heatingType': 'Central', 'roomCount': 5}",2.0,0.0
202,3.0,1406.0,"{'cooling': True, 'coolingType': 'Central', 'floorCount': 1, 'garage': True, 'garageSpaces': 2, 'garageType': 'Garage', 'heating': True, 'heatingType': 'Central', 'unitCount': 1}",2.0,8790.0
203,0.0,0.0,nan,0.0,12632.0
204,0.0,1834.0,"{'architectureType': 'Split Level', 'exteriorType': 'Aluminum / Vinyl Siding', 'fireplace': True, 'floorCount': 2, 'foundationType': 'Slab / Mat / Raft', 'garage': True, 'garageSpaces': 2, 'garageType': 'Attached', 'heating': True, 'heatingType': 'Forced Air', 'roomCount': 6, 'unitCount': 1}",1.5,11979.0
205,0.0,1464.0,"{'exteriorType': 'Wood', 'floorCount': 2, 'garage': True, 'roofType': 'Asphalt', 'unitCount': 1}",2.0,3125.0
206,3.0,2496.0,"{'cooling': True, 'coolingType': 'Central', 'exteriorType': 'Brick Veneer', 'floorCount': 1, 'foundationType': 'Slab / Mat / Raft', 'garage': True, 'garageSpaces': 2, 'garageType': 'Attached', 'heating': True, 'heatingType': 'Central', 'roomCount': 7, 'unitCount': 1, 'pool': True}",2.0,10337.0
207,3.0,1568.0,nan,2.0,0.0
208,0.0,2430.0,"{'architectureType': 'Duplex', 'floorCount': 2, 'unitCount': 2}",0.0,1530.0
209,1.0,800.0,{'architectureType': 'Condo / Apartment'},1.0,2922.0
210,3.0,1230.0,"{'architectureType': 'Mobile Home', 'cooling': True, 'coolingType': 'Central', 'exteriorType': 'Aluminum / Vinyl Siding', 'fireplace': True, 'fireplaceType': 'Prefab', 'floorCount': 1, 'foundationType': 'Pier / Post & Beam', 'heating': True, 'heatingType': 'Heat Pump', 'roofType': 'Composition Shingle'}",2.0,16988.0
211,2.0,1926.0,"{'architectureType': 'Condo / Apartment', 'exteriorType': 'Stucco', 'floorCount': 1, 'garage': True, 'garageType': 'Garage', 'heating': True, 'heatingType': 'Forced Air', 'roofType': 'Tile', 'unitCount': 1}",2.0,4199.0
212,2.0,912.0,"{'cooling': True, 'coolingType': 'Central', 'exteriorType': 'Aluminum / Vinyl Siding', 'floorCount': 1, 'foundationType': 'Concrete', 'garage': True, 'garageSpaces': 1, 'garageType': 'Underground / Basement', 'heating': True, 'heatingType': 'Central', 'roofType': 'Composition Shingle', 'roomCount': 5, 'unitCount': 1}",2.0,7620.0
213,4.0,1913.0,"{'cooling': True, 'coolingType': 'Central', 'exteriorType': 'Brick', 'fireplace': True, 'floorCount': 1, 'foundationType': 'Other', 'heating': True, 'heatingType': 'Central', 'roofType': 'Roll Tar & Gravel', 'roomCount': 7, 'unitCount': 1}",1.0,9583.0
214,2.0,1687.0,"{'architectureType': 'Conventional', 'cooling': True, 'coolingType': 'Commercial', 'exteriorType': 'Brick', 'floorCount': 2, 'foundationType': 'Raised', 'heating': True, 'heatingType': 'Gas', 'roomCount': 6, 'unitCount': 1}",2.5,2178.0
215,4.0,1652.0,"{'architectureType': 'Split Level', 'exteriorType': 'Aluminum / Vinyl Siding', 'fireplace': True, 'floorCount': 2, 'garage': True, 'garageSpaces': 2, 'garageType': 'Underground / Basement', 'heating': True, 'heatingType': 'Hot Water', 'roomCount': 8, 'unitCount': 1}",3.0,19435.0
216,3.0,2949.0,"{'cooling': True, 'coolingType': 'Central', 'floorCount': 2, 'garage': True, 'garageSpaces': 3, 'garageType': 'Garage', 'heating': True, 'heatingType': 'Central', 'unitCount': 1}",2.0,16139.0
217,2.0,920.0,"{'architectureType': 'Mobile Home', 'cooling': True, 'coolingType': 'Commercial', 'exteriorType': 'Aluminum / Vinyl Siding', 'floorCount': 1, 'foundationType': 'Pier / Post & Beam', 'garage': True, 'garageType': 'Carport', 'heating': True, 'roomCount': 4, 'unitCount': 1}",1.0,18000.0
218,2.0,1300.0,"{'heating': True, 'heatingType': 'Floor / Wall', 'unitCount': 1}",1.0,4988.0
219,3.0,984.0,"{'cooling': True, 'coolingType': 'Commercial', 'exteriorType': 'Aluminum / Vinyl Siding', 'floorCount': 1, 'garage': True, 'garageType': 'Garage', 'heating': True, 'roofType': 'Asphalt', 'roomCount': 5}",1.0,7442.0
220,2.0,1634.0,"{'architectureType': 'Condo / Apartment', 'cooling': True, 'coolingType': 'Central', 'exteriorType': 'Wood', 'floorCount': 1, 'heating': True, 'heatingType': 'Central', 'roomCount': 5}",2.0,1634.0
221,2.0,949.0,nan,1.0,0.0
222,4.0,3810.0,"{'architectureType': 'Colonial', 'cooling': True, 'coolingType': 'Commercial', 'floorCount': 2, 'garage': True, 'garageSpaces': 1, 'garageType': 'Garage', 'heating': True, 'heatingType': 'Central', 'pool': True, 'roomCount': 15, 'unitCount': 1}",4.0,47576.0
223,0.0,2049.0,"{'cooling': True, 'coolingType': 'Commercial', 'fireplace': True, 'floorCount': 2, 'foundationType': 'Slab / Mat / Raft', 'garage': True, 'garageSpaces': 2, 'garageType': 'Attached', 'heating': True, 'heatingType': 'Central', 'roofType': 'Composition Shingle', 'unitCount': 1}",2.0,6059.0
224,3.0,1316.0,"{'cooling': True, 'coolingType': 'Central', 'exteriorType': 'Wood', 'floorCount': 1, 'foundationType': 'Slab', 'garage': True, 'garageSpaces': 1, 'garageType': 'Attached Garage', 'roomCount': 5}",3.0,7405.0
225,0.0,3266.0,"{'cooling': True, 'coolingType': 'Commercial', 'exteriorType': 'Other', 'floorCount': 1, 'foundationType': 'OTHER', 'garage': True, 'garageSpaces': 3, 'garageType': 'Built-in', 'heating': True, 'heatingType': 'Central', 'roofType': 'Tile', 'pool': True, 'poolType': 'Pool, Gunite'}",0.0,6098.0
226,4.0,2360.0,nan,2.0,4704.0
227,3.0,1122.0,"{'architectureType': 'Contemporary', 'cooling': True, 'coolingType': 'Central', 'fireplace': True, 'fireplaceType': 'Single', 'garage': True, 'garageSpaces': 2, 'garageType': 'Garage', 'heating': True, 'heatingType': 'Central', 'unitCount': 1}",2.0,6107.0
228,0.0,912.0,"{'exteriorType': 'Asbestos Shingle', 'floorCount': 1, 'heating': True, 'heatingType': 'Forced Air', 'roofType': 'Asphalt', 'unitCount': 1}",1.0,3920.0
229,3.0,2484.0,"{'cooling': True, 'coolingType': 'Commercial', 'exteriorType': 'Brick', 'fireplace': True, 'fireplaceType': 'Single', 'floorCount': 2, 'foundationType': 'Slab / Mat / Raft', 'garage': True, 'garageType': 'Garage', 'heating': True, 'heatingType': 'Forced Air', 'roofType': 'Shingle', 'roomCount': 6, 'unitCount': 1}",1.0,16638.0
230,4.0,2576.0,"{'exteriorType': 'Aluminum / Vinyl Siding', 'fireplace': True, 'floorCount': 1, 'foundationType': 'OTHER', 'heating': True, 'heatingType': 'Forced Air', 'roofType': 'Composition Shingle', 'unitCount': 1}",3.0,7500.0
231,2.0,1480.0,"{'architectureType': 'Townhouse', 'cooling': True, 'coolingType': 'Commercial', 'exteriorType': 'Wood', 'fireplace': True, 'floorCount': 2, 'garage': True, 'garageType': 'Garage', 'heating': True, 'heatingType': 'Heat Pump', 'roofType': 'Composition Shingle', 'unitCount': 1}",2.5,2053.0
232,3.0,1120.0,"{'architectureType': 'Other', 'exteriorType': 'Wood', 'floorCount': 1, 'foundationType': 'Pier / Post & Beam', 'garage': True, 'garageSpaces': 1, 'garageType': 'Mixed', 'heating': True, 'heatingType': 'Floor / Wall', 'roofType': 'Metal', 'roomCount': 6, 'unitCount': 1}",1.0,15464.0
233,2.0,920.0,"{'architectureType': 'Conventional', 'exteriorType': 'Brick', 'floorCount': 2, 'heating': True, 'roomCount': 5, 'unitCount': 1}",1.0,4966.0
234,3.0,1272.0,nan,3.0,21780.0
235,5.0,3646.0,nan,2.5,13939.0
236,4.0,2729.0,"{'architectureType': 'Traditional', 'cooling': True, 'coolingType': 'Central', 'exteriorType': 'Brick', 'fireplace': True, 'floorCount': 2, 'foundationType': 'Slab / Mat / Raft', 'garage': True, 'garageSpaces': 1, 'garageType': 'Detached', 'heating': True, 'heatingType': 'Central', 'roomCount': 9, 'unitCount': 1, 'pool': True}",2.5,18112.0
237,3.0,937.0,"{'exteriorType': 'Aluminum / Vinyl Siding', 'fireplace': True, 'fireplaceType': 'Single', 'floorCount': 1, 'foundationType': 'Slab / Mat / Raft', 'garage': True, 'garageType': 'Mixed', 'heating': True, 'heatingType': 'Forced Air', 'roofType': 'Composition Shingle', 'roomCount': 5, 'unitCount': 1}",2.0,7405.0
238,3.0,1385.0,"{'cooling': True, 'coolingType': 'Refrigeration', 'exteriorType': 'Wood', 'floorCount': 1, 'garage': True, 'garageSpaces': 2, 'garageType': 'Garage', 'heating': True, 'heatingType': 'Forced Air', 'roofType': 'Tile', 'roomCount': 7, 'unitCount': 1}",2.0,5505.0
239,3.0,1536.0,"{'architectureType': 'Other', 'exteriorType': 'Aluminum / Vinyl Siding', 'fireplace': True, 'fireplaceType': 'Masonry', 'floorCount': 1, 'foundationType': 'Crawl / Raised', 'garage': True, 'garageSpaces': 1, 'garageType': 'Garage', 'heating': True, 'heatingType': 'Central', 'roofType': 'Metal', 'roomCount': 6}",1.5,240016.0
240,1.0,785.0,nan,1.0,0.0
241,3.0,1577.0,"{'architectureType': 'Split Level', 'cooling': True, 'coolingType': 'Central', 'exteriorType': 'Aluminum / Vinyl Siding', 'fireplace': True, 'floorCount': 2, 'garage': True, 'garageType': 'Attached', 'heating': True, 'heatingType': 'Central', 'roofType': 'Composition Shingle', 'roomCount': 3, 'unitCount': 1}",3.0,5881.0
242,3.0,1361.0,"{'cooling': True, 'coolingType': 'Central', 'exteriorType': 'Brick / Stone', 'fireplace': True, 'fireplaceType': 'Prefab', 'floorCount': 1, 'garage': True, 'garageType': 'Attached', 'heating': True, 'heatingType': 'Central', 'roomCount': 7}",2.0,5371.0
243,0.0,800.0,"{'floorCount': 1, 'foundationType': 'Pier / Post & Beam', 'garage': True, 'garageType': 'Carport', 'roofType': 'Metal'}",1.0,16553.0
244,3.0,1288.0,"{'garage': True, 'garageSpaces': 2, 'garageType': 'Garage', 'unitCount': 1}",2.0,6400.0
245,4.0,2040.0,"{'exteriorType': 'Brick Veneer', 'fireplace': True, 'floorCount': 1, 'foundationType': 'Slab', 'garage': True, 'garageSpaces': 2, 'garageType': 'Detached', 'roofType': 'Composition Shingle', 'unitCount': 1}",2.0,10080.0
246,3.0,907.0,"{'cooling': True, 'coolingType': 'Commercial', 'exteriorType': 'Brick / Stone', 'floorCount': 1, 'foundationType': 'Slab / Mat / Raft', 'garage': True, 'garageSpaces': 2, 'garageType': 'Detached', 'roofType': 'Shingle', 'unitCount': 1}",1.0,5959.0
247,4.0,2074.0,"{'architectureType': 'Contemporary', 'cooling': True, 'coolingType': 'Central', 'exteriorType': 'Stucco', 'floorCount': 1, 'garage': True, 'garageType': 'Garage', 'heating': True, 'heatingType': 'Central', 'roofType': 'Composition Shingle', 'unitCount': 1}",2.0,8468.0
248,3.0,960.0,"{'cooling': True, 'coolingType': 'Commercial', 'exteriorType': 'Aluminum / Vinyl Siding', 'foundationType': 'Pier / Post & Beam', 'heating': True, 'heatingType': 'Floor / Wall', 'unitCount': 1}",1.0,7000.0
249,4.0,1224.0,"{'cooling': True, 'coolingType': 'Evaporative', 'exteriorType': 'Stucco', 'floorCount': 1, 'foundationType': 'Slab / Mat / Raft', 'garage': True, 'garageType': 'Attached', 'heating': True, 'roofType': 'Composition Shingle', 'unitCount': 1}",2.0,3829.0
250,0.0,722.0,"{'architectureType': 'Condo / Apartment', 'floorCount': 9, 'unitCount': 1}",0.0,0.0
251,3.0,1508.0,nan,2.0,0.0
252,4.0,2420.0,"{'cooling': True, 'coolingType': 'Commercial', 'exteriorType': 'Aluminum / Vinyl Siding', 'fireplace': True, 'floorCount': 2, 'garage': True, 'garageType': 'Attached', 'heating': True, 'heatingType': 'Heat Pump', 'roomCount': 8, 'unitCount': 1}",2.5,12062.0
253,1.0,838.0,nan,1.0,0.0
254,1.0,1248.0,"{'architectureType': 'Modular', 'garage': True, 'garageSpaces': 1, 'garageType': 'Garage', 'roomCount': 3, 'unitCount': 1}",1.0,8820.0
255,0.0,1154.0,"{'floorCount': 2, 'unitCount': 1}",0.0,1333.0
256,4.0,2105.0,"{'architectureType': 'Colonial', 'cooling': True, 'coolingType': 'Central', 'exteriorType': 'Brick', 'fireplace': True, 'floorCount': 2, 'garage': True, 'garageSpaces': 2, 'garageType': 'Garage', 'heating': True, 'heatingType': 'Gas', 'roomCount': 8, 'unitCount': 1}",2.5,14158.0
257,3.0,1693.0,"{'cooling': True, 'coolingType': 'Central', 'fireplace': True, 'floorCount': 2, 'garage': True, 'garageSpaces': 2, 'garageType': 'Attached Garage', 'heating': True, 'heatingType': 'Central', 'roofType': 'Tile', 'unitCount': 1}",3.0,10018.0
258,3.0,1160.0,"{'architectureType': 'Bungalow', 'cooling': True, 'coolingType': 'Central', 'exteriorType': 'Masonry', 'floorCount': 1, 'garage': True, 'garageSpaces': 2, 'garageType': 'Detached Garage', 'roofType': 'Shingle (Not Wood)', 'unitCount': 1}",1.0,3750.0
259,3.0,1497.0,"{'cooling': True, 'coolingType': 'Central', 'exteriorType': 'Stucco', 'floorCount': 2, 'foundationType': 'OTHER', 'garage': True, 'garageType': 'Garage', 'heating': True, 'heatingType': 'Forced Air', 'roofType': 'Composition Shingle', 'unitCount': 1}",2.0,2614.0
260,3.0,1914.0,"{'architectureType': 'Condo / Apartment', 'cooling': True, 'coolingType': 'Central', 'exteriorType': 'Other', 'fireplace': True, 'fireplaceType': '2 Story', 'floorCount': 2, 'foundationType': 'Footing', 'garage': True, 'garageType': 'Offsite', 'heating': True, 'heatingType': 'Heat Pump', 'roofType': 'Composition Shingle', 'unitCount': 1}",2.5,0.0
261,4.0,3223.0,"{'cooling': True, 'coolingType': 'Central', 'exteriorType': 'Brick Veneer', 'fireplace': True, 'fireplaceType': '2 Story', 'floorCount': 2, 'foundationType': 'Raised', 'heating': True, 'heatingType': 'Forced Air', 'roofType': 'Asphalt', 'unitCount': 1}",3.0,25198.0
262,3.0,1787.0,nan,2.0,0.0
263,3.0,0.0,"{'cooling': True, 'coolingType': 'Central', 'exteriorType': 'Brick', 'garage': True, 'garageSpaces': 1, 'garageType': 'Detached', 'heating': True, 'heatingType': 'Forced Air', 'roomCount': 6, 'unitCount': 1}",0.0,10143.0
264,4.0,2703.0,"{'cooling': True, 'coolingType': 'Central', 'floorCount': 1, 'heating': True, 'heatingType': 'Central', 'unitCount': 1}",3.0,9148.0
265,3.0,1703.0,nan,2.0,0.0
266,0.0,1008.0,"{'fireplace': True, 'floorCount': 2, 'foundationType': 'Raised', 'garage': True, 'garageType': 'Mixed', 'heating': True}",1.0,31363.0
267,3.0,2813.0,"{'architectureType': 'Ranch / Rambler', 'exteriorType': 'Masonry', 'fireplace': True, 'floorCount': 1, 'heating': True, 'heatingType': 'Heat Pump', 'roomCount': 9}",4.0,71874.0
268,2.0,1323.0,"{'cooling': True, 'coolingType': 'Central', 'exteriorType': 'Vinyl', 'fireplace': True, 'floorCount': 1, 'garage': True, 'garageSpaces': 3, 'garageType': 'Mixed', 'heating': True, 'heatingType': 'Central', 'roofType': 'Asphalt', 'roomCount': 6}",2.0,43560.0
269,4.0,3157.0,"{'architectureType': 'Contemporary', 'exteriorType': 'Brick', 'fireplace': True, 'floorCount': 2, 'heating': True, 'heatingType': 'Forced Air', 'roofType': 'Composition Shingle', 'roomCount': 9}",1.5,23470.0
270,3.0,1844.0,"{'cooling': True, 'coolingType': 'Commercial', 'exteriorType': 'Brick', 'fireplace': True, 'fireplaceType': 'Single', 'floorCount': 1, 'foundationType': 'Slab / Mat / Raft', 'garage': True, 'garageType': 'Attached', 'heating': True, 'heatingType': 'Forced Air', 'roofType': 'Shingle', 'roomCount': 6, 'unitCount': 1}",2.0,10000.0
271,4.0,1815.0,"{'architectureType': 'Split Level', 'cooling': True, 'coolingType': 'Central', 'exteriorType': 'Wood', 'fireplace': True, 'floorCount': 2, 'garage': True, 'garageType': 'Attached', 'roofType': 'Shingle', 'unitCount': 1}",2.5,10112.0
272,1.0,611.0,nan,1.0,0.0
273,3.0,1630.0,"{'cooling': True, 'coolingType': 'Refrigeration', 'floorCount': 1, 'garage': True, 'garageType': 'Garage', 'unitCount': 1}",2.0,5250.0
274,3.0,1913.0,"{'architectureType': 'Ranch', 'cooling': True, 'coolingType': 'Commercial', 'exteriorType': 'Shingle', 'fireplace': True, 'floorCount': 1, 'garage': True, 'garageSpaces': 2, 'garageType': 'Attached', 'heating': True, 'heatingType': 'Forced Air', 'pool': True, 'roofType': 'Composition Shingle', 'roomCount': 6, 'unitCount': 1}",2.0,16553.0
275,0.0,2182.0,"{'architectureType': 'Contemporary', 'exteriorType': 'Aluminum / Vinyl Siding', 'fireplace': True, 'floorCount': 2, 'garage': True, 'garageSpaces': 2, 'garageType': 'Garage', 'heating': True, 'heatingType': 'Forced Air', 'pool': True, 'poolType': 'Pool, Plastic w/ Vinyl Lining', 'roofType': 'Asphalt', 'unitCount': 1}",2.0,12833.0
276,0.0,5000.0,{},0.0,231565.0
277,3.0,1501.0,"{'cooling': True, 'fireplace': True, 'floorCount': 1, 'garage': True, 'garageType': 'Garage', 'roomCount': 5, 'unitCount': 1}",2.0,10454.0
278,0.0,1012.0,"{'architectureType': 'Condo / Apartment', 'unitCount': 1}",0.0,1011.0
279,4.0,2866.0,"{'architectureType': 'Conventional', 'cooling': True, 'coolingType': 'Central', 'exteriorType': 'Brick', 'fireplace': True, 'floorCount': 2, 'foundationType': 'Masonry', 'garage': True, 'garageType': 'Garage', 'heating': True, 'heatingType': 'Forced Air', 'roofType': 'Asphalt', 'roomCount': 9, 'unitCount': 1}",2.5,25700.0
280,5.0,3985.0,nan,5.5,0.0
281,3.0,1800.0,{},2.0,0.0
282,2.0,990.0,"{'cooling': True, 'coolingType': 'Commercial', 'exteriorType': 'Wood', 'floorCount': 1, 'foundationType': 'Slab / Mat / Raft', 'garage': True, 'garageType': 'Detached', 'roofType': 'Shingle', 'unitCount': 1}",1.0,3125.0
283,2.0,1815.0,"{'cooling': True, 'coolingType': 'Commercial', 'exteriorType': 'Stucco', 'floorCount': 1, 'foundationType': 'Slab / Mat / Raft', 'garage': True, 'garageType': 'Attached', 'heating': True, 'heatingType': 'Forced Air', 'roofType': 'Composition Shingle', 'garageSpaces': 2, 'unitCount': 1}",2.0,7599.0
284,0.0,1448.0,"{'architectureType': 'Townhouse', 'cooling': True, 'coolingType': 'Commercial', 'exteriorType': 'Brick', 'fireplace': True, 'floorCount': 2, 'garage': True, 'garageType': 'Garage', 'heating': True, 'heatingType': 'Forced Air', 'roofType': 'Built-up', 'unitCount': 1}",2.0,1450.0
285,0.0,2523.0,"{'cooling': True, 'coolingType': 'Refrigeration', 'exteriorType': 'Stucco', 'floorCount': 1, 'garage': True, 'garageSpaces': 2, 'garageType': 'Garage', 'heating': True, 'heatingType': 'Forced Air', 'roofType': 'Asphalt', 'roomCount': 8, 'unitCount': 1}",3.0,45468.0
286,2.0,1188.0,"{'cooling': True, 'coolingType': 'Commercial', 'exteriorType': 'Concrete', 'floorCount': 1, 'foundationType': 'Slab / Mat / Raft', 'garage': True, 'garageSpaces': 1, 'garageType': 'Attached', 'heating': True, 'heatingType': 'Forced Air', 'roofType': 'Metal', 'unitCount': 1}",1.0,11250.0
287,3.0,1465.0,"{'cooling': True, 'coolingType': 'Central', 'floorCount': 1, 'garage': True, 'garageSpaces': 2, 'garageType': 'Garage', 'heating': True, 'heatingType': 'Central', 'unitCount': 1}",2.0,5907.0
288,3.0,1570.0,"{'cooling': True, 'coolingType': 'Central', 'exteriorType': 'Brick Veneer', 'fireplace': True, 'floorCount': 1, 'foundationType': 'Slab / Mat / Raft', 'garage': True, 'garageSpaces': 2, 'garageType': 'Attached', 'heating': True, 'heatingType': 'Central', 'roofType': 'Composition Shingle', 'unitCount': 1}",2.0,6599.0
289,3.0,1626.0,"{'cooling': True, 'coolingType': 'Central', 'floorCount': 2, 'garage': True, 'garageSpaces': 2, 'garageType': 'Garage', 'heating': True, 'heatingType': 'Central'}",3.0,5279.0
290,3.0,4374.0,"{'architectureType': 'Ranch', 'cooling': True, 'coolingType': 'Commercial', 'exteriorType': 'Brick', 'fireplace': True, 'floorCount': 1, 'garage': True, 'garageType': 'Attached', 'heating': True, 'heatingType': 'Forced Air', 'roofType': 'Composition Shingle', 'roomCount': 8, 'unitCount': 1}",2.5,18295.0
291,3.0,3136.0,"{'cooling': True, 'coolingType': 'Central', 'exteriorType': 'Brick Veneer', 'floorCount': 2, 'foundationType': 'Slab', 'garage': True, 'garageSpaces': 2, 'garageType': 'Attached', 'heating': True, 'heatingType': 'Central', 'roomCount': 7}",3.0,4870.0
292,5.0,3376.0,"{'cooling': True, 'coolingType': 'Central', 'fireplace': True, 'garage': True, 'garageSpaces': 2, 'garageType': 'Attached', 'heating': True, 'heatingType': 'Central', 'roomCount': 15}",3.5,9801.0
293,0.0,0.0,nan,0.0,497311.0
294,0.0,1831.0,"{'cooling': True, 'coolingType': 'Central', 'exteriorType': 'Combination', 'fireplace': True, 'fireplaceType': 'Single', 'floorCount': 2, 'foundationType': 'OTHER', 'heating': True, 'heatingType': 'Central', 'roofType': 'Asphalt', 'unitCount': 1, 'architectureType': 'Split Level'}",2.0,10890.0
295,1.0,808.0,nan,1.0,0.0
296,1.0,840.0,"{'architectureType': 'Condo / Apartment', 'floorCount': 1}",1.0,1128.0
297,2.0,1024.0,"{'architectureType': 'Modular', 'floorCount': 1, 'heating': True, 'heatingType': 'Forced Air', 'roofType': 'Metal'}",1.0,4792.0
298,2.0,1353.0,nan,2.0,0.0
299,1.0,944.0,nan,1.0,0.0
300,2.0,1008.0,"{'architectureType': 'Ranch', 'cooling': True, 'coolingType': 'Central', 'exteriorType': 'Brick Veneer', 'fireplace': True, 'foundationType': 'OTHER', 'heating': True, 'heatingType': 'Forced Air', 'roofType': 'Shingle', 'unitCount': 1}",1.0,11326.0
301,4.0,3360.0,"{'cooling': True, 'coolingType': 'Central', 'exteriorType': 'Brick Veneer', 'fireplace': True, 'floorCount': 1, 'foundationType': 'Slab / Mat / Raft', 'garage': True, 'garageSpaces': 2, 'garageType': 'Attached', 'heating': True, 'heatingType': 'Central', 'roomCount': 7}",3.5,15006.0
302,4.0,1687.0,"{'architectureType': 'Conventional', 'floorCount': 1, 'garage': True, 'garageSpaces': 1, 'garageType': 'Garage', 'heating': True, 'heatingType': 'Central', 'roomCount': 9, 'unitCount': 1}",2.0,5820.0
303,3.0,1746.0,"{'floorCount': 2, 'garage': True, 'garageType': 'Garage', 'roomCount': 6, 'unitCount': 1}",2.5,1600.0
304,4.0,4617.0,"{'architectureType': 'Modern', 'cooling': True, 'coolingType': 'Central', 'fireplace': True, 'floorCount': 2, 'garage': True, 'garageSpaces': 3, 'garageType': 'Attached', 'heating': True, 'heatingType': 'Central', 'pool': True, 'poolType': 'Pool and Hot Tub / Spa', 'roofType': 'Tile', 'roomCount': 10, 'unitCount': 1, 'viewType': 'Excellent'}",3.5,18000.0
305,2.0,1046.0,"{'architectureType': 'Condo / Apartment', 'cooling': True, 'coolingType': 'Central', 'exteriorType': 'Aluminum / Vinyl Siding', 'fireplace': True, 'floorCount': 1, 'garage': True, 'garageType': 'Detached', 'heating': True, 'heatingType': 'Central', 'roofType': 'Composition Shingle', 'roomCount': 2, 'unitCount': 1}",2.0,616.0
306,0.0,1720.0,"{'architectureType': 'Mobile Home', 'floorCount': 1, 'garage': True, 'garageSpaces': 2, 'garageType': 'Carport'}",0.0,0.0
307,2.0,1230.0,"{'architectureType': 'Ranch', 'cooling': True, 'coolingType': 'Central', 'exteriorType': 'Aluminum / Vinyl Siding', 'fireplace': True, 'floorCount': 1, 'garage': True, 'garageSpaces': 1, 'garageType': 'Basement', 'heating': True, 'heatingType': 'Forced Air', 'roomCount': 5, 'unitCount': 1}",1.0,8050.0
308,3.0,1524.0,nan,2.0,37462.0
309,3.0,1120.0,nan,2.0,132422.0
310,4.0,3264.0,"{'architectureType': 'Contemporary', 'cooling': True, 'coolingType': 'Central', 'exteriorType': 'Combination', 'fireplace': True, 'floorCount': 2, 'foundationType': 'Slab / Mat / Raft', 'garage': True, 'garageType': 'Detached', 'heating': True, 'heatingType': 'Forced Air', 'roofType': 'Asphalt', 'roomCount': 10, 'unitCount': 1}",2.5,9801.0
311,3.0,2329.0,nan,2.5,0.0
312,1.0,810.0,"{'architectureType': 'Condo / Apartment', 'unitCount': 1}",0.0,0.0
313,4.0,2532.0,"{'cooling': True, 'coolingType': 'Central', 'exteriorType': 'Brick Veneer', 'fireplace': True, 'floorCount': 2, 'foundationType': 'Slab / Mat / Raft', 'garage': True, 'garageSpaces': 1, 'garageType': 'Carport', 'heating': True, 'heatingType': 'Central', 'roofType': 'Composition Shingle', 'unitCount': 1}",2.5,10485.0
314,0.0,2052.0,"{'architectureType': 'European', 'cooling': True, 'coolingType': 'Central', 'exteriorType': 'Aluminum / Vinyl Siding', 'fireplace': True, 'floorCount': 1, 'foundationType': 'Masonry', 'heating': True, 'heatingType': 'Central', 'unitCount': 1}",2.0,25700.0
315,0.0,1641.0,"{'exteriorType': 'Wood', 'floorCount': 1, 'foundationType': 'Block', 'garage': True, 'garageType': 'Garage', 'roofType': 'Gravel', 'unitCount': 1}",0.0,8288.0
316,2.0,1225.0,nan,1.0,0.0
317,3.0,1884.0,"{'cooling': True, 'coolingType': 'Central', 'exteriorType': 'Aluminum / Vinyl Siding', 'floorCount': 2, 'foundationType': 'OTHER', 'garage': True, 'garageType': 'Attached', 'heating': True, 'heatingType': 'Heat Pump', 'roofType': 'Gravel', 'unitCount': 1}",2.0,4986.0
318,0.0,0.0,nan,0.0,26136.0
319,2.0,2256.0,"{'architectureType': 'Triplex', 'fireplace': True, 'fireplaceType': 'Masonry', 'floorCount': 2, 'foundationType': 'Raised', 'garage': True, 'garageType': 'Carport', 'heating': True, 'heatingType': 'Central', 'roofType': 'Asphalt', 'roomCount': 10}",1.0,7318.0
320,3.0,1820.0,{},2.0,0.0
321,0.0,2426.0,"{'cooling': True, 'coolingType': 'Central', 'exteriorType': 'Wood', 'fireplace': True, 'fireplaceType': 'Masonry', 'floorCount': 2, 'foundationType': 'Concrete', 'garage': True, 'garageSpaces': 2, 'garageType': 'Basement', 'heating': True, 'heatingType': 'Central', 'unitCount': 1}",3.0,8712.0
322,4.0,2697.0,"{'architectureType': 'Conventional', 'cooling': True, 'coolingType': 'Central', 'exteriorType': 'Brick', 'fireplace': True, 'floorCount': 1, 'heating': True, 'heatingType': 'Hot Water', 'pool': True, 'poolType': 'Pool, Concrete', 'roomCount': 9, 'unitCount': 1}",3.0,67954.0
323,4.0,2173.0,"{'cooling': True, 'coolingType': 'Refrigeration', 'floorCount': 2, 'garage': True, 'garageType': 'Attached', 'heating': True, 'heatingType': 'Forced Air'}",3.0,5662.0
324,4.0,2072.0,nan,3.0,12354.0
325,3.0,1396.0,"{'cooling': True, 'coolingType': 'Package', 'exteriorType': 'Brick', 'floorCount': 2, 'foundationType': 'Footing', 'heating': True, 'roofType': 'Composition Shingle', 'unitCount': 1}",2.5,1742.0
326,3.0,2466.0,"{'cooling': True, 'coolingType': 'Central', 'exteriorType': 'Wood', 'fireplace': True, 'fireplaceType': 'Masonry', 'floorCount': 2, 'foundationType': 'Concrete', 'garage': True, 'garageSpaces': 2, 'garageType': 'Garage', 'heating': True, 'heatingType': 'Central', 'unitCount': 1, 'architectureType': 'Traditional'}",2.5,13068.0
327,1.0,0.0,nan,1.0,0.0
328,5.0,2614.0,"{'architectureType': 'A-Frame', 'cooling': True, 'coolingType': 'Commercial', 'exteriorType': 'Stucco', 'fireplace': True, 'floorCount': 2, 'foundationType': 'OTHER', 'garage': True, 'garageType': 'Attached', 'heating': True, 'heatingType': 'Forced Air', 'roofType': 'Tile', 'roomCount': 8, 'unitCount': 1}",3.0,10193.0
329,0.0,915.0,"{'architectureType': 'Condo / Apartment', 'exteriorType': 'Combination', 'fireplace': True, 'floorCount': 1, 'foundationType': 'Slab / Mat / Raft', 'roofType': 'Composition Shingle'}",0.0,2657.0
330,3.0,1744.0,"{'architectureType': 'Ranch', 'cooling': True, 'coolingType': 'Central', 'exteriorType': 'Brick', 'fireplace': True, 'fireplaceType': 'Masonry', 'floorCount': 1, 'garage': True, 'garageType': 'Garage', 'heating': True, 'heatingType': 'Central', 'roomCount': 6, 'unitCount': 1}",2.0,17424.0
331,0.0,0.0,{},0.0,12000.0
332,4.0,1328.0,"{'architectureType': 'Single Story', 'exteriorType': 'Siding', 'fireplace': True, 'fireplaceType': 'Single', 'floorCount': 1, 'garage': True, 'garageSpaces': 1, 'garageType': 'Carport', 'heating': True, 'heatingType': 'Baseboard', 'roofType': 'Composition Shingle', 'unitCount': 1}",1.0,5500.0
333,7.0,2500.0,nan,2.0,0.0
334,3.0,1296.0,nan,2.0,0.0
335,0.0,1400.0,"{'cooling': True, 'coolingType': 'Refrigeration', 'exteriorType': 'Wood', 'floorCount': 1, 'garage': True, 'garageSpaces': 2, 'garageType': 'Garage', 'heating': True, 'heatingType': 'Forced Air', 'roofType': 'Asphalt', 'roomCount': 5, 'unitCount': 1}",2.0,7187.0
336,0.0,1475.0,"{'cooling': True, 'coolingType': 'Refrigeration', 'exteriorType': 'Brick', 'floorCount': 1, 'garage': True, 'garageSpaces': 1, 'garageType': 'Garage', 'heating': True, 'heatingType': 'Forced Air', 'roofType': 'Asphalt', 'roomCount': 7, 'unitCount': 1}",2.0,7967.0
337,3.0,1694.0,"{'architectureType': 'Ranch', 'exteriorType': 'Wood', 'fireplace': True, 'fireplaceType': 'Prefab', 'floorCount': 1, 'foundationType': 'OTHER', 'garage': True, 'garageSpaces': 2, 'garageType': 'Attached', 'heating': True, 'heatingType': 'Heat Pump', 'roofType': 'Composition Shingle', 'unitCount': 1}",2.0,10217.0
338,3.0,1644.0,"{'cooling': True, 'coolingType': 'Commercial', 'exteriorType': 'Stucco', 'floorCount': 1, 'foundationType': 'OTHER', 'garage': True, 'garageType': 'Attached', 'heating': True, 'heatingType': 'Forced Air', 'roofType': 'Clay Tile', 'roomCount': 5, 'unitCount': 1}",2.0,9999.0
339,4.0,2938.0,"{'architectureType': 'Conventional', 'cooling': True, 'coolingType': 'Commercial', 'exteriorType': 'OTHER', 'fireplace': True, 'floorCount': 2, 'garage': True, 'garageType': 'Attached', 'heating': True, 'heatingType': 'Forced Air', 'roofType': 'Composition Shingle', 'roomCount': 8, 'unitCount': 1}",2.5,15246.0
340,2.0,1427.0,"{'cooling': True, 'coolingType': 'Central', 'fireplace': True, 'floorCount': 2, 'foundationType': 'Slab / Mat / Raft', 'heating': True, 'heatingType': 'Central', 'roofType': 'Tile', 'roomCount': 6, 'unitCount': 1}",2.0,0.0
341,4.0,2172.0,"{'cooling': True, 'coolingType': 'Central', 'fireplace': True, 'floorCount': 2, 'garage': True, 'garageSpaces': 2, 'garageType': 'Attached', 'heating': True, 'heatingType': 'Central', 'roofType': 'Tile', 'unitCount': 1}",2.0,7405.0
342,3.0,1762.0,"{'architectureType': 'Condo / Apartment', 'garage': True, 'garageSpaces': 2, 'garageType': 'Garage', 'unitCount': 1}",3.0,140324.0
343,5.0,4176.0,"{'cooling': True, 'coolingType': 'Commercial', 'fireplace': True, 'floorCount': 2, 'foundationType': 'Slab / Mat / Raft', 'garage': True, 'garageSpaces': 3, 'garageType': 'Attached', 'heating': True, 'heatingType': 'Central', 'roofType': 'Composition Shingle'}",3.0,17315.0
344,6.0,1785.0,"{'architectureType': 'Ranch', 'cooling': True, 'coolingType': 'Central', 'exteriorType': 'Stucco', 'floorCount': 1, 'heating': True, 'heatingType': 'Central', 'roofType': 'Composition Shingle', 'roomCount': 11, 'unitCount': 1}",3.0,6970.0
345,3.0,1866.0,"{'architectureType': 'Conventional', 'floorCount': 1, 'garage': True, 'garageSpaces': 1, 'garageType': 'Garage', 'heating': True, 'heatingType': 'Central', 'roomCount': 9, 'unitCount': 1}",2.0,5218.0
346,1.0,620.0,nan,1.0,0.0
347,3.0,1308.0,"{'cooling': True, 'coolingType': 'Central', 'fireplace': True, 'floorCount': 1, 'garage': True, 'garageSpaces': 2, 'garageType': 'Garage', 'heating': True, 'heatingType': 'Central', 'unitCount': 1}",2.0,7763.0
348,3.0,1730.0,"{'architectureType': 'Conventional', 'cooling': True, 'coolingType': 'Central', 'exteriorType': 'Wood', 'fireplace': True, 'floorCount': 2, 'foundationType': 'Raised', 'garage': True, 'garageType': 'Garage', 'heating': True, 'heatingType': 'Central', 'roomCount': 7, 'unitCount': 1}",2.0,11326.0
349,4.0,2231.0,"{'cooling': True, 'coolingType': 'Central', 'exteriorType': 'Stucco', 'floorCount': 1, 'garage': True, 'garageType': 'Garage', 'heating': True, 'heatingType': 'Forced Air', 'roofType': 'Tile', 'unitCount': 1, 'viewType': 'Water'}",3.0,6617.0
350,3.0,1700.0,"{'architectureType': 'Traditional', 'cooling': True, 'coolingType': 'Central', 'exteriorType': 'Brick Veneer', 'floorCount': 1, 'foundationType': 'Slab / Mat / Raft', 'garage': True, 'garageType': 'Mixed', 'heating': True, 'heatingType': 'Central', 'roomCount': 7, 'unitCount': 1}",2.0,14401.0
351,3.0,2068.0,"{'cooling': True, 'coolingType': 'Commercial', 'exteriorType': 'Stucco', 'floorCount': 1, 'foundationType': 'Slab / Mat / Raft', 'garage': True, 'garageType': 'Attached', 'heating': True, 'roofType': 'Asphalt', 'roomCount': 7, 'unitCount': 1}",2.0,14810.0
352,2.0,1376.0,"{'floorCount': 1, 'garage': True, 'garageSpaces': 2, 'garageType': 'Detached', 'heating': True, 'heatingType': 'Hot Water', 'roofType': 'Asphalt', 'roomCount': 7, 'unitCount': 1}",1.0,7754.0
353,0.0,1789.0,"{'cooling': True, 'coolingType': 'Refrigeration', 'exteriorType': 'Wood', 'floorCount': 1, 'garage': True, 'garageSpaces': 2, 'garageType': 'Garage', 'heating': True, 'heatingType': 'Forced Air', 'roofType': 'Built-up (Layered Asphalt)', 'roomCount': 5, 'unitCount': 1}",2.0,6995.0
354,3.0,1221.0,"{'architectureType': 'Traditional', 'exteriorType': 'Asbestos Shingle', 'floorCount': 1, 'foundationType': 'Slab / Mat / Raft', 'garage': True, 'garageType': 'Attached', 'heating': True, 'heatingType': 'Central', 'roomCount': 6, 'unitCount': 1}",2.0,7553.0
355,0.0,2408.0,"{'fireplace': True, 'fireplaceType': 'Prefab', 'floorCount': 1, 'garage': True, 'garageType': 'Garage'}",0.0,0.0
356,2.0,1583.0,"{'architectureType': 'Condo / Apartment', 'cooling': True, 'coolingType': 'Central', 'exteriorType': 'Brick', 'floorCount': 1, 'foundationType': 'Slab', 'heating': True, 'heatingType': 'Central', 'roomCount': 6, 'unitCount': 1}",2.0,0.0
357,3.0,1192.0,"{'fireplace': True, 'fireplaceType': 'Masonry', 'floorCount': 2, 'garage': True, 'garageSpaces': 1, 'garageType': 'Detached', 'heating': True, 'heatingType': 'Central', 'roofType': 'Asphalt', 'roomCount': 8, 'unitCount': 1, 'cooling': True, 'coolingType': 'Central'}",1.0,9278.0
358,1.0,659.0,"{'architectureType': 'Condo / Apartment', 'garage': True, 'garageSpaces': 1, 'garageType': 'Garage', 'unitCount': 1}",1.0,20127.0
359,0.0,0.0,"{'exteriorType': 'Aluminum / Vinyl Siding', 'floorCount': 1}",0.0,0.0
360,3.0,1848.0,"{'architectureType': 'Ranch', 'cooling': True, 'coolingType': 'Central', 'exteriorType': 'Brick', 'fireplace': True, 'floorCount': 1, 'foundationType': 'Footing', 'heating': True, 'heatingType': 'Forced Air', 'roofType': 'Asphalt', 'unitCount': 1}",2.0,23958.0
361,0.0,1600.0,"{'cooling': True, 'coolingType': 'Central', 'exteriorType': 'Brick Veneer', 'fireplace': True, 'floorCount': 1, 'foundationType': 'Slab / Mat / Raft', 'garage': True, 'garageSpaces': 2, 'garageType': 'Attached', 'heating': True, 'heatingType': 'Central', 'roofType': 'Composition Shingle', 'unitCount': 1}",2.0,7819.0
362,3.0,1440.0,"{'architectureType': 'Condo / Apartment', 'exteriorType': 'Brick', 'floorCount': 2, 'heating': True, 'heatingType': 'Hot Water', 'roofType': 'Metal', 'roomCount': 6, 'unitCount': 1}",2.0,1620.0
363,3.0,1453.0,"{'cooling': True, 'coolingType': 'Central', 'exteriorType': 'Brick', 'floorCount': 1, 'foundationType': 'Slab / Mat / Raft', 'garage': True, 'garageType': 'Garage', 'heating': True, 'heatingType': 'Central', 'roofType': 'Composition Shingle', 'unitCount': 1}",1.0,7501.0
364,3.0,1398.0,"{'architectureType': 'French Provincial', 'cooling': True, 'coolingType': 'Commercial', 'exteriorType': 'Brick', 'fireplace': True, 'floorCount': 1, 'foundationType': 'Slab / Mat / Raft', 'garage': True, 'garageType': 'Garage', 'heating': True, 'heatingType': 'Forced Air', 'roofType': 'Asphalt'}",2.0,15682.0
365,0.0,3964.0,"{'cooling': True, 'coolingType': 'Central', 'exteriorType': 'Brick / Stone', 'fireplace': True, 'floorCount': 2, 'foundationType': 'Block', 'garage': True, 'garageType': 'Attached', 'heating': True, 'heatingType': 'Heat Pump', 'roofType': 'Gravel', 'unitCount': 1}",4.0,14021.0
366,3.0,1054.0,"{'architectureType': 'Ranch', 'cooling': True, 'coolingType': 'Commercial', 'fireplace': True, 'floorCount': 1, 'heating': True, 'heatingType': 'Package', 'roomCount': 2, 'unitCount': 1}",2.0,7841.0
367,0.0,1780.0,"{'cooling': True, 'coolingType': 'Central', 'exteriorType': 'Brick / Stone', 'floorCount': 1, 'foundationType': 'Slab / Mat / Raft', 'garage': True, 'garageType': 'Attached', 'heating': True, 'heatingType': 'Central', 'roofType': 'Fiberglass'}",2.0,8930.0
368,3.0,1223.0,"{'exteriorType': 'Brick Veneer', 'floorCount': 1, 'foundationType': 'Raised', 'garage': True, 'garageSpaces': 1, 'garageType': 'Attached', 'heating': True, 'heatingType': 'Forced Air', 'roofType': 'Composition Shingle'}",2.0,13504.0
369,3.0,1886.0,"{'architectureType': 'Ranch', 'cooling': True, 'coolingType': 'Central', 'exteriorType': 'Stucco', 'floorCount': 1, 'garage': True, 'garageType': 'Attached', 'heating': True, 'heatingType': 'Forced Air', 'roofType': 'Asphalt', 'unitCount': 1}",2.0,10500.0
370,0.0,2028.0,"{'floorCount': 1, 'garage': True, 'garageSpaces': 3, 'garageType': 'Mixed', 'unitCount': 1}",0.0,9749.0
371,3.0,1886.0,"{'cooling': True, 'coolingType': 'Central', 'exteriorType': 'Brick / Stone', 'fireplace': True, 'fireplaceType': 'Prefab', 'floorCount': 1, 'foundationType': 'Pier / Post & Beam', 'garage': True, 'garageType': 'Garage', 'heating': True, 'heatingType': 'Central', 'roofType': 'Asphalt', 'roomCount': 10}",2.0,0.0
372,3.0,1079.0,"{'architectureType': 'Bi-Level', 'floorCount': 2, 'foundationType': 'Block', 'garage': True, 'garageType': 'Basement', 'heating': True, 'heatingType': 'Forced Air', 'roofType': 'Composition Shingle', 'unitCount': 1}",2.0,11761.0
373,3.0,1599.0,"{'cooling': True, 'coolingType': 'Central', 'floorCount': 1, 'foundationType': 'Slab / Mat / Raft', 'garage': True, 'garageSpaces': 2, 'garageType': 'Attached', 'heating': True, 'heatingType': 'Central', 'roofType': 'Composition Shingle', 'roomCount': 8, 'unitCount': 1}",2.0,6098.0
374,0.0,3898.0,"{'architectureType': 'Conventional', 'cooling': True, 'coolingType': 'Commercial', 'exteriorType': 'Wood', 'fireplace': True, 'floorCount': 2, 'garage': True, 'garageSpaces': 2, 'garageType': 'Attached', 'heating': True, 'heatingType': 'Forced Air', 'roofType': 'Composition Shingle', 'unitCount': 1}",2.5,23076.0
375,0.0,640.0,"{'exteriorType': 'Wood', 'floorCount': 2, 'garage': True, 'garageType': 'Attached', 'unitCount': 1}",0.0,4400.0
376,3.0,1764.0,"{'cooling': True, 'coolingType': 'Central', 'floorCount': 1, 'garage': True, 'garageSpaces': 2, 'garageType': 'Garage', 'heating': True, 'heatingType': 'Central', 'unitCount': 1}",2.0,10123.0
377,5.0,3640.0,"{'fireplace': True, 'floorCount': 2, 'garage': True, 'garageSpaces': 2, 'garageType': 'Underground / Basement', 'heating': True, 'heatingType': 'Forced Air', 'unitCount': 1}",4.0,5203.0
378,0.0,1881.0,"{'architectureType': 'Conventional', 'cooling': True, 'coolingType': 'Central', 'exteriorType': 'Brick Veneer', 'fireplace': True, 'fireplaceType': 'Single', 'floorCount': 1, 'foundationType': 'Slab', 'garage': True, 'garageType': 'Detached', 'heating': True, 'heatingType': 'Central', 'roofType': 'Composition Shingle', 'unitCount': 1}",0.0,34848.0
379,3.0,1535.0,"{'architectureType': 'Conventional', 'cooling': True, 'coolingType': 'Central', 'exteriorType': 'Wood', 'fireplace': True, 'fireplaceType': 'Single', 'floorCount': 2, 'heating': True, 'heatingType': 'Central', 'roofType': 'Composition Shingle', 'roomCount': 6, 'unitCount': 1}",2.0,13765.0
380,0.0,984.0,"{'cooling': True, 'coolingType': 'Package', 'exteriorType': 'Aluminum / Vinyl Siding', 'floorCount': 1, 'foundationType': 'Footing', 'garage': True, 'garageSpaces': 2, 'garageType': 'Detached Garage', 'heating': True, 'heatingType': 'Package', 'roofType': 'Composition Shingle', 'unitCount': 1}",1.0,9583.0
381,3.0,1822.0,"{'exteriorType': 'Brick Veneer', 'floorCount': 2, 'garage': True, 'garageType': 'Attached', 'roofType': 'Composition Shingle'}",2.0,5663.0
382,2.0,1407.0,"{'cooling': True, 'coolingType': 'Commercial', 'exteriorType': 'Stucco', 'floorCount': 1, 'foundationType': 'Retaining Wall', 'heating': True, 'heatingType': 'Forced Air', 'roofType': 'Roll Tar & Gravel', 'roomCount': 4, 'unitCount': 1}",1.0,11326.0
383,4.0,1804.0,"{'architectureType': 'Duplex', 'cooling': True, 'coolingType': 'Commercial', 'unitCount': 2}",2.0,5645.0
384,3.0,1449.0,"{'architectureType': 'Ranch / Rambler', 'exteriorType': 'Aluminum / Vinyl Siding', 'floorCount': 1, 'garage': True, 'garageSpaces': 2, 'garageType': 'Attached Garage', 'heating': True, 'heatingType': 'Forced Air'}",2.0,19166.0
385,3.0,1851.0,"{'cooling': True, 'coolingType': 'Central', 'exteriorType': 'Brick', 'fireplace': True, 'floorCount': 1, 'garage': True, 'garageType': 'Garage', 'heating': True, 'heatingType': 'Forced Air', 'pool': True, 'poolType': 'Pool, Gunite', 'roofType': 'Composition Shingle', 'unitCount': 1}",2.0,14700.0
386,4.0,1940.0,"{'cooling': True, 'coolingType': 'Central', 'exteriorType': 'Aluminum / Vinyl Siding', 'fireplace': True, 'fireplaceType': 'Prefab', 'floorCount': 1, 'garage': True, 'garageSpaces': 1, 'garageType': 'Garage', 'heating': True, 'heatingType': 'Forced Air', 'roofType': 'Composition Shingle', 'unitCount': 1}",2.0,10827.0
387,4.0,1920.0,nan,2.0,7383.0
388,3.0,1650.0,"{'architectureType': 'Conventional', 'cooling': True, 'coolingType': 'Central', 'exteriorType': 'Brick Veneer', 'fireplace': True, 'floorCount': 1, 'foundationType': 'Slab / Mat / Raft', 'garage': True, 'garageType': 'Attached', 'heating': True, 'heatingType': 'Central', 'roofType': 'Composition Shingle', 'roomCount': 5, 'unitCount': 1}",2.0,7331.0
389,3.0,1152.0,"{'cooling': True, 'coolingType': 'Commercial', 'exteriorType': 'Brick Veneer', 'floorCount': 1, 'foundationType': 'Block', 'garage': True, 'garageType': 'Garage', 'heating': True, 'heatingType': 'Heat Pump', 'roofType': 'Asphalt', 'roomCount': 4, 'unitCount': 1}",1.0,24829.0
390,3.0,1800.0,"{'floorCount': 2, 'unitCount': 1}",2.5,1710.0
391,4.0,1369.0,nan,2.0,0.0
392,4.0,2394.0,"{'cooling': True, 'coolingType': 'Central', 'floorCount': 1, 'garage': True, 'garageSpaces': 1, 'garageType': 'Garage', 'heating': True, 'heatingType': 'Central', 'unitCount': 1}",2.0,8747.0
393,3.0,1730.0,"{'fireplace': True, 'floorCount': 1, 'garage': True, 'garageType': 'Attached', 'heating': True, 'heatingType': 'Forced Air', 'unitCount': 1}",1.5,11088.0
394,2.0,1146.0,nan,1.0,0.0
395,0.0,1344.0,"{'architectureType': 'Mobile Home', 'cooling': True, 'coolingType': 'Central'}",0.0,9801.0
396,4.0,2698.0,"{'cooling': True, 'coolingType': 'Partial', 'exteriorType': 'Brick', 'fireplace': True, 'floorCount': 1, 'foundationType': 'Masonry', 'garage': True, 'garageSpaces': 6, 'garageType': 'Mixed', 'heating': True, 'heatingType': 'Central', 'roofType': 'Slate', 'roomCount': 8}",3.0,0.0
397,3.0,1106.0,nan,2.0,0.0
398,3.0,814.0,"{'exteriorType': 'Concrete Block', 'floorCount': 1, 'garage': True, 'garageType': 'Garage', 'roofType': 'Other', 'unitCount': 1}",1.0,7500.0
399,3.0,1122.0,"{'cooling': True, 'coolingType': 'Central', 'exteriorType': 'Aluminum / Vinyl Siding', 'fireplace': True, 'fireplaceType': 'Single', 'floorCount': 1, 'foundationType': 'Raised', 'garage': True, 'garageType': 'Garage', 'heating': True, 'heatingType': 'Forced Air', 'roofType': 'Asphalt', 'unitCount': 1}",1.0,16126.0
400,2.0,767.0,nan,1.0,0.0
401,4.0,2364.0,"{'architectureType': 'Cape Cod', 'cooling': True, 'coolingType': 'Commercial', 'exteriorType': 'Aluminum / Vinyl Siding', 'floorCount': 2, 'garage': True, 'garageType': 'Detached', 'heating': True, 'heatingType': 'Hot Water', 'roomCount': 6, 'unitCount': 1}",1.0,6000.0
402,0.0,0.0,{'architectureType': 'Quadruplex'},0.0,2870.0
403,3.0,2349.0,"{'cooling': True, 'coolingType': 'Central', 'exteriorType': 'Aluminum / Vinyl Siding', 'fireplace': True, 'fireplaceType': 'Prefab', 'floorCount': 1, 'foundationType': 'Masonry', 'garage': True, 'garageSpaces': 1, 'garageType': 'Attached', 'heating': True, 'heatingType': 'Central', 'roofType': 'Asphalt', 'unitCount': 1}",2.5,31632.0
404,4.0,1207.0,"{'exteriorType': 'Stucco', 'fireplace': True, 'floorCount': 1, 'garage': True, 'garageType': 'Garage', 'heating': True, 'roomCount': 6, 'unitCount': 1}",2.0,5225.0
405,2.0,840.0,"{'architectureType': 'Ranch', 'cooling': True, 'coolingType': 'Commercial', 'exteriorType': 'Wood', 'floorCount': 1, 'foundationType': 'Slab / Mat / Raft', 'garage': True, 'garageSpaces': 1, 'garageType': 'Attached', 'heating': True, 'heatingType': 'Forced Air', 'roofType': 'Composition Shingle', 'roomCount': 4, 'unitCount': 1}",1.0,4792.0
406,3.0,1490.0,nan,2.0,0.0
407,4.0,1402.0,"{'garage': True, 'garageSpaces': 2, 'garageType': 'Garage', 'unitCount': 1}",2.0,6800.0
408,4.0,2388.0,"{'architectureType': 'Conventional', 'cooling': True, 'coolingType': 'Commercial', 'exteriorType': 'Shingle', 'fireplace': True, 'floorCount': 2, 'garage': True, 'garageSpaces': 2, 'garageType': 'Attached', 'heating': True, 'heatingType': 'Forced Air', 'roofType': 'Composition Shingle', 'roomCount': 10, 'unitCount': 1}",1.5,7841.0
409,3.0,1314.0,"{'architectureType': 'Traditional', 'cooling': True, 'coolingType': 'Central', 'exteriorType': 'Brick Veneer', 'floorCount': 1, 'foundationType': 'Slab / Mat / Raft', 'heating': True, 'heatingType': 'Central', 'roomCount': 6, 'unitCount': 1}",1.5,5663.0
410,3.0,2310.0,"{'cooling': True, 'coolingType': 'Commercial', 'exteriorType': 'Concrete Block', 'fireplace': True, 'floorCount': 1, 'foundationType': 'Slab / Mat / Raft', 'garage': True, 'garageType': 'Attached', 'heating': True, 'heatingType': 'Forced Air', 'roofType': 'Shingle', 'roomCount': 8, 'unitCount': 1}",2.0,10454.0
